{"at":"2026-04-30T11:35:03.853Z","event":"user_welcome","provider":"log","to":"5562999999999","status":"skipped","metadata":{"event":"user_welcome","userId":77,"email":"maria@example.com"},"error":"WhatsApp desabilitado por configuração."}
{"at":"2026-04-30T11:48:32.626Z","event":"user_welcome","provider":"log","to":"5562999999999","status":"skipped","metadata":{"event":"user_welcome","userId":77,"email":"maria@example.com"},"error":"WhatsApp desabilitado por configuração."}
{"at":"2026-04-30T11:49:17.986Z","event":"user_welcome","provider":"log","to":"5562999999999","status":"skipped","metadata":{"event":"user_welcome","userId":77,"email":"maria@example.com"},"error":"WhatsApp desabilitado por configuração."}
{"at":"2026-04-30T12:26:20.633Z","event":"user_welcome","provider":"log","to":"5562999999999","status":"skipped","metadata":{"event":"user_welcome","userId":77,"email":"maria@example.com"},"error":"WhatsApp desabilitado por configuração."}
{"at":"2026-04-30T12:29:05.508Z","event":"user_welcome","provider":"log","to":"5562999999999","status":"skipped","metadata":{"event":"user_welcome","userId":77,"email":"maria@example.com"},"error":"WhatsApp desabilitado por configuração."}
{"at":"2026-04-30T15:00:50.485Z","event":"user_welcome","provider":"log","to":"5562999999999","status":"skipped","metadata":{"event":"user_welcome","userId":77,"email":"maria@example.com"},"error":"WhatsApp desabilitado por configuração."}
{"at":"2026-04-30T15:01:59.025Z","event":"user_welcome","provider":"log","to":"5562999999999","status":"skipped","metadata":{"event":"user_welcome","userId":77,"email":"maria@example.com"},"error":"WhatsApp desabilitado por configuração."}
{"at":"2026-04-30T16:39:46.612Z","event":"user_welcome","provider":"log","to":"5562999999999","status":"skipped","metadata":{"event":"user_welcome","userId":77,"email":"maria@example.com"},"error":"WhatsApp desabilitado por configuração."}
{"at":"2026-04-30T16:47:18.969Z","event":"user_welcome","provider":"log","to":"5562999999999","status":"skipped","metadata":{"event":"user_welcome","userId":77,"email":"maria@example.com"},"error":"WhatsApp desabilitado por configuração."}
{"at":"2026-04-30T16:54:45.143Z","event":"user_welcome","provider":"log","to":"5562999999999","status":"skipped","metadata":{"event":"user_welcome","userId":77,"email":"maria@example.com"},"error":"WhatsApp desabilitado por configuração."}
{"at":"2026-04-30T16:59:16.635Z","event":"user_welcome","provider":"log","to":"5562999999999","status":"skipped","metadata":{"event":"user_welcome","userId":77,"email":"maria@example.com"},"error":"WhatsApp desabilitado por configuração."}
{"at":"2026-04-30T17:04:24.091Z","event":"user_welcome","provider":"log","to":"5562999999999","status":"skipped","metadata":{"event":"user_welcome","userId":77,"email":"maria@example.com"},"error":"WhatsApp desabilitado por configuração."}
{"at":"2026-04-30T17:08:27.152Z","event":"user_welcome","provider":"log","to":"5562999999999","status":"skipped","metadata":{"event":"user_welcome","userId":77,"email":"maria@example.com"},"error":"WhatsApp desabilitado por configuração."}
{"at":"2026-04-30T17:10:20.044Z","event":"user_welcome","provider":"log","to":"5562999999999","status":"skipped","metadata":{"event":"user_welcome","userId":77,"email":"maria@example.com"},"error":"WhatsApp desabilitado por configuração."}
{"at":"2026-04-30T17:14:38.387Z","event":"user_welcome","provider":"log","to":"5562999999999","status":"skipped","metadata":{"event":"user_welcome","userId":77,"email":"maria@example.com"},"error":"WhatsApp desabilitado por configuração."}
{"at":"2026-04-30T17:26:03.310Z","event":"user_welcome","provider":"log","to":"5562999999999","status":"skipped","metadata":{"event":"user_welcome","userId":77,"email":"maria@example.com"},"error":"WhatsApp desabilitado por configuração."}
{"at":"2026-04-30T17:26:56.221Z","event":"user_welcome","provider":"log","to":"5562999999999","status":"skipped","metadata":{"event":"user_welcome","userId":77,"email":"maria@example.com"},"error":"WhatsApp desabilitado por configuração."}
{"at":"2026-05-05T11:49:29.867Z","event":"user_welcome","provider":"log","to":"5562999999999","status":"skipped","metadata":{"event":"user_welcome","userId":77,"email":"maria@example.com"},"error":"WhatsApp desabilitado por configuração."}
{"at":"2026-05-05T11:49:53.789Z","event":"user_welcome","provider":"log","to":"5562999999999","status":"skipped","metadata":{"event":"user_welcome","userId":77,"email":"maria@example.com"},"error":"WhatsApp desabilitado por configuração."}
{"at":"2026-05-05T12:00:15.755Z","event":"user_welcome","provider":"log","to":"5562999999999","status":"skipped","metadata":{"event":"user_welcome","userId":77,"email":"maria@example.com"},"error":"WhatsApp desabilitado por configuração."}
{"at":"2026-05-05T12:51:42.353Z","event":"user_welcome","provider":"log","to":"5562999999999","status":"skipped","metadata":{"event":"user_welcome","userId":77,"email":"maria@example.com"},"error":"WhatsApp desabilitado por configuração."}
{"at":"2026-05-05T12:52:38.746Z","event":"user_welcome","provider":"log","to":"5562999999999","status":"skipped","metadata":{"event":"user_welcome","userId":77,"email":"maria@example.com"},"error":"WhatsApp desabilitado por configuração."}
{"at":"2026-05-05T17:23:55.684Z","event":"user_welcome","provider":"log","to":"5562999999999","status":"skipped","metadata":{"event":"user_welcome","userId":77,"email":"maria@example.com"},"error":"WhatsApp desabilitado por configuração."}
{"at":"2026-05-05T19:04:54.256Z","event":"user_welcome","provider":"twilio","to":"5562999999999","status":"skipped","metadata":{"event":"user_welcome","userId":77,"email":"maria@example.com"},"error":"WhatsApp desabilitado por configuração."}
{"at":"2026-05-05T19:04:54.706Z","event":"manual_send","provider":"twilio","to":"5562999669966","status":"skipped","metadata":{"event":"manual_send","to":"5562999669966","message":"Teste manual de WhatsApp","userId":1},"error":"WhatsApp desabilitado por configuração."}
{"at":"2026-05-05T19:04:54.734Z","event":"manual_test","provider":"twilio","to":"5562999669966","status":"skipped","metadata":{"event":"manual_test","to":"5562999669966","message":"Envio de mensagem teste","userId":1},"error":"WhatsApp desabilitado por configuração."}
{"at":"2026-05-05T19:05:55.647Z","event":"user_welcome","provider":"twilio","to":"5562999999999","status":"skipped","metadata":{"event":"user_welcome","userId":77,"email":"maria@example.com"},"error":"WhatsApp desabilitado por configuração."}
{"at":"2026-05-05T19:05:56.127Z","event":"manual_send","provider":"twilio","to":"5562999669966","status":"skipped","metadata":{"event":"manual_send","to":"5562999669966","message":"Teste manual de WhatsApp","userId":1},"providerMessageId":null,"error":"Configuracao Twilio ausente: TWILIO_ACCOUNT_SID, TWILIO_AUTH_TOKEN, TWILIO_TEMPLATE_GENERIC_SID.","response":null}
{"at":"2026-05-05T19:05:56.134Z","event":"manual_test","provider":"twilio","to":"5562999669966","status":"skipped","metadata":{"event":"manual_test","to":"5562999669966","message":"Envio de mensagem teste","userId":1},"error":"WhatsApp desabilitado por configuração."}
{"at":"2026-05-05T20:13:42.433Z","event":"user_welcome","provider":"twilio","to":"5562999999999","status":"skipped","metadata":{"event":"user_welcome","userId":77,"email":"maria@example.com"},"error":"WhatsApp desabilitado por configuração."}
{"at":"2026-05-05T20:13:43.170Z","event":"manual_send","provider":"twilio","to":"5562999669966","status":"skipped","metadata":{"event":"manual_send","to":"5562999669966","message":"Teste manual de WhatsApp","userId":1},"providerMessageId":null,"error":"Configuracao Twilio ausente: TWILIO_ACCOUNT_SID, TWILIO_AUTH_TOKEN, TWILIO_TEMPLATE_GENERIC_SID.","response":null}
{"at":"2026-05-05T20:13:43.184Z","event":"manual_test","provider":"twilio","to":"5562999669966","status":"skipped","metadata":{"event":"manual_test","to":"5562999669966","message":"Envio de mensagem teste","userId":1},"error":"WhatsApp desabilitado por configuração."}
{"at":"2026-05-05T20:44:45.725Z","event":"user_welcome","provider":"twilio","to":"5562999999999","status":"skipped","metadata":{"event":"user_welcome","userId":77,"email":"maria@example.com"},"error":"WhatsApp desabilitado por configuração."}
{"at":"2026-05-05T20:44:46.229Z","event":"manual_send","provider":"twilio","to":"5562999669966","status":"skipped","metadata":{"event":"manual_send","to":"5562999669966","message":"Teste manual de WhatsApp","userId":1,"verifyFinalStatus":true},"providerMessageId":null,"error":"Configuracao Twilio ausente: TWILIO_ACCOUNT_SID, TWILIO_AUTH_TOKEN, TWILIO_TEMPLATE_GENERIC_SID.","response":null}
{"at":"2026-05-05T20:44:46.242Z","event":"manual_test","provider":"twilio","to":"5562999669966","status":"skipped","metadata":{"event":"manual_test","to":"5562999669966","message":"Envio de mensagem teste","userId":1,"verifyFinalStatus":true},"error":"WhatsApp desabilitado por configuração."}
{"at":"2026-05-06T13:12:36.672Z","event":"user_welcome","provider":"twilio","to":"5562999999999","status":"skipped","metadata":{"event":"user_welcome","userId":77,"email":"maria@example.com"},"error":"WhatsApp desabilitado por configuração."}
{"at":"2026-05-06T13:12:37.993Z","event":"manual_send","provider":"twilio","to":"5562999669966","status":"skipped","metadata":{"event":"manual_send","to":"5562999669966","message":"Teste manual de WhatsApp","userId":1,"verifyFinalStatus":true},"providerMessageId":null,"error":"Configuracao Twilio ausente: TWILIO_ACCOUNT_SID, TWILIO_AUTH_TOKEN, TWILIO_TEMPLATE_GENERIC_SID.","response":null}
{"at":"2026-05-06T13:12:38.023Z","event":"manual_test","provider":"twilio","to":"5562999669966","status":"skipped","metadata":{"event":"manual_test","to":"5562999669966","message":"Envio de mensagem teste","userId":1,"verifyFinalStatus":true},"error":"WhatsApp desabilitado por configuração."}
{"at":"2026-05-06T13:14:04.836Z","event":"user_welcome","provider":"twilio","to":"5562999999999","status":"skipped","metadata":{"event":"user_welcome","userId":77,"email":"maria@example.com"},"error":"WhatsApp desabilitado por configuração."}
{"at":"2026-05-06T13:14:05.645Z","event":"manual_send","provider":"twilio","to":"5562999669966","status":"skipped","metadata":{"event":"manual_send","to":"5562999669966","message":"Teste manual de WhatsApp","userId":1,"verifyFinalStatus":true},"providerMessageId":null,"error":"Configuracao Twilio ausente: TWILIO_ACCOUNT_SID, TWILIO_AUTH_TOKEN, TWILIO_TEMPLATE_GENERIC_SID.","response":null}
{"at":"2026-05-06T13:14:05.658Z","event":"manual_test","provider":"twilio","to":"5562999669966","status":"skipped","metadata":{"event":"manual_test","to":"5562999669966","message":"Envio de mensagem teste","userId":1,"verifyFinalStatus":true},"error":"WhatsApp desabilitado por configuração."}
{"at":"2026-05-06T15:52:59.197Z","event":"user_welcome","provider":"twilio","to":"5562999999999","status":"skipped","metadata":{"event":"user_welcome","userId":77,"email":"maria@example.com"},"error":"WhatsApp desabilitado por configuração."}
{"at":"2026-05-06T15:53:00.016Z","event":"manual_send","provider":"twilio","to":"5562999669966","status":"skipped","metadata":{"event":"manual_send","to":"5562999669966","message":"Teste manual de WhatsApp","userId":1,"verifyFinalStatus":true},"providerMessageId":null,"error":"Configuracao Twilio ausente: TWILIO_ACCOUNT_SID, TWILIO_AUTH_TOKEN, TWILIO_TEMPLATE_GENERIC_SID.","response":null}
{"at":"2026-05-06T15:53:00.037Z","event":"manual_test","provider":"twilio","to":"5562999669966","status":"skipped","metadata":{"event":"manual_test","to":"5562999669966","message":"Envio de mensagem teste","userId":1,"verifyFinalStatus":true},"error":"WhatsApp desabilitado por configuração."}
{"at":"2026-05-06T16:33:12.830Z","event":"user_welcome","provider":"twilio","to":"5562999999999","status":"skipped","metadata":{"event":"user_welcome","userId":77,"email":"maria@example.com"},"error":"WhatsApp desabilitado por configuração."}
{"at":"2026-05-06T16:33:13.504Z","event":"manual_send","provider":"twilio","to":"5562999669966","status":"skipped","metadata":{"event":"manual_send","to":"5562999669966","message":"Teste manual de WhatsApp","userId":1,"verifyFinalStatus":true},"providerMessageId":null,"error":"Configuracao Twilio ausente: TWILIO_ACCOUNT_SID, TWILIO_AUTH_TOKEN, TWILIO_TEMPLATE_GENERIC_SID.","response":null}
{"at":"2026-05-06T16:33:13.516Z","event":"manual_test","provider":"twilio","to":"5562999669966","status":"skipped","metadata":{"event":"manual_test","to":"5562999669966","message":"Envio de mensagem teste","userId":1,"verifyFinalStatus":true},"error":"WhatsApp desabilitado por configuração."}
{"at":"2026-05-06T16:50:11.433Z","event":"user_welcome","provider":"twilio","to":"5562999999999","status":"skipped","metadata":{"event":"user_welcome","userId":77,"email":"maria@example.com"},"error":"WhatsApp desabilitado por configuração."}
{"at":"2026-05-06T16:50:11.979Z","event":"manual_send","provider":"twilio","to":"5562999669966","status":"skipped","metadata":{"event":"manual_send","to":"5562999669966","message":"Teste manual de WhatsApp","userId":1,"verifyFinalStatus":true},"providerMessageId":null,"error":"Configuracao Twilio ausente: TWILIO_ACCOUNT_SID, TWILIO_AUTH_TOKEN, TWILIO_TEMPLATE_GENERIC_SID.","response":null}
{"at":"2026-05-06T16:50:11.988Z","event":"manual_test","provider":"twilio","to":"5562999669966","status":"skipped","metadata":{"event":"manual_test","to":"5562999669966","message":"Envio de mensagem teste","userId":1,"verifyFinalStatus":true},"error":"WhatsApp desabilitado por configuração."}
{"at":"2026-05-06T17:45:06.061Z","event":"user_welcome","provider":"twilio","to":"5562999999999","status":"skipped","metadata":{"event":"user_welcome","userId":77,"email":"maria@example.com"},"error":"WhatsApp desabilitado por configuração."}
{"at":"2026-05-06T17:45:06.733Z","event":"manual_send","provider":"twilio","to":"5562999669966","status":"skipped","metadata":{"event":"manual_send","to":"5562999669966","message":"Teste manual de WhatsApp","userId":1,"verifyFinalStatus":true},"providerMessageId":null,"error":"Configuracao Twilio ausente: TWILIO_ACCOUNT_SID, TWILIO_AUTH_TOKEN, TWILIO_TEMPLATE_GENERIC_SID.","response":null}
{"at":"2026-05-06T17:45:06.743Z","event":"manual_test","provider":"twilio","to":"5562999669966","status":"skipped","metadata":{"event":"manual_test","to":"5562999669966","message":"Envio de mensagem teste","userId":1,"verifyFinalStatus":true},"error":"WhatsApp desabilitado por configuração."}
{"at":"2026-05-06T17:55:34.935Z","event":"user_welcome","provider":"twilio","to":"5562999999999","status":"skipped","metadata":{"event":"user_welcome","userId":77,"email":"maria@example.com"},"error":"WhatsApp desabilitado por configuração."}
{"at":"2026-05-06T17:55:35.467Z","event":"manual_send","provider":"twilio","to":"5562999669966","status":"skipped","metadata":{"event":"manual_send","to":"5562999669966","message":"Teste manual de WhatsApp","userId":1,"verifyFinalStatus":true},"providerMessageId":null,"error":"Configuracao Twilio ausente: TWILIO_ACCOUNT_SID, TWILIO_AUTH_TOKEN, TWILIO_TEMPLATE_GENERIC_SID.","response":null}
{"at":"2026-05-06T17:55:35.475Z","event":"manual_test","provider":"twilio","to":"5562999669966","status":"skipped","metadata":{"event":"manual_test","to":"5562999669966","message":"Envio de mensagem teste","userId":1,"verifyFinalStatus":true},"error":"WhatsApp desabilitado por configuração."}
{"at":"2026-05-06T18:24:53.375Z","event":"user_welcome","provider":"twilio","to":"5562999999999","status":"skipped","metadata":{"event":"user_welcome","userId":77,"email":"maria@example.com"},"error":"WhatsApp desabilitado por configuração."}
{"at":"2026-05-06T18:24:53.873Z","event":"manual_send","provider":"twilio","to":"5562999669966","status":"skipped","metadata":{"event":"manual_send","to":"5562999669966","message":"Teste manual de WhatsApp","userId":1,"verifyFinalStatus":true},"providerMessageId":null,"error":"Configuracao Twilio ausente: TWILIO_ACCOUNT_SID, TWILIO_AUTH_TOKEN, TWILIO_TEMPLATE_GENERIC_SID.","response":null}
{"at":"2026-05-06T18:24:53.893Z","event":"manual_test","provider":"twilio","to":"5562999669966","status":"skipped","metadata":{"event":"manual_test","to":"5562999669966","message":"Envio de mensagem teste","userId":1,"verifyFinalStatus":true},"error":"WhatsApp desabilitado por configuração."}
{"at":"2026-05-06T18:31:43.458Z","event":"user_welcome","provider":"twilio","to":"5562999999999","status":"skipped","metadata":{"event":"user_welcome","userId":77,"email":"maria@example.com"},"error":"WhatsApp desabilitado por configuração."}
{"at":"2026-05-06T18:31:43.919Z","event":"manual_send","provider":"twilio","to":"5562999669966","status":"skipped","metadata":{"event":"manual_send","to":"5562999669966","message":"Teste manual de WhatsApp","userId":1,"verifyFinalStatus":true},"providerMessageId":null,"error":"Configuracao Twilio ausente: TWILIO_ACCOUNT_SID, TWILIO_AUTH_TOKEN, TWILIO_TEMPLATE_GENERIC_SID.","response":null}
{"at":"2026-05-06T18:31:43.930Z","event":"manual_test","provider":"twilio","to":"5562999669966","status":"skipped","metadata":{"event":"manual_test","to":"5562999669966","message":"Envio de mensagem teste","userId":1,"verifyFinalStatus":true},"error":"WhatsApp desabilitado por configuração."}
{"at":"2026-05-06T18:31:44.022Z","event":"password_reset","provider":"twilio","to":"5562999999999","status":"skipped","metadata":{"event":"password_reset","userId":21,"email":"ana@example.com","link":"https://meu-sistema-nps.vercel.app/perfil"},"error":"WhatsApp desabilitado por configuração."}
{"at":"2026-05-06T18:31:44.102Z","event":"password_reset","provider":"twilio","to":"5562888888888","status":"skipped","metadata":{"event":"password_reset","userId":22,"email":"bruno@example.com","link":"https://meu-sistema-nps.vercel.app/perfil"},"error":"WhatsApp desabilitado por configuração."}
{"at":"2026-05-06T18:34:42.959Z","event":"user_welcome","provider":"twilio","to":"5562999999999","status":"skipped","metadata":{"event":"user_welcome","userId":77,"email":"maria@example.com"},"error":"WhatsApp desabilitado por configuração."}
{"at":"2026-05-06T18:34:43.429Z","event":"manual_send","provider":"twilio","to":"5562999669966","status":"skipped","metadata":{"event":"manual_send","to":"5562999669966","message":"Teste manual de WhatsApp","userId":1,"verifyFinalStatus":true},"providerMessageId":null,"error":"Configuracao Twilio ausente: TWILIO_ACCOUNT_SID, TWILIO_AUTH_TOKEN, TWILIO_TEMPLATE_GENERIC_SID.","response":null}
{"at":"2026-05-06T18:34:43.437Z","event":"manual_test","provider":"twilio","to":"5562999669966","status":"skipped","metadata":{"event":"manual_test","to":"5562999669966","message":"Envio de mensagem teste","userId":1,"verifyFinalStatus":true},"error":"WhatsApp desabilitado por configuração."}
{"at":"2026-05-06T18:34:43.524Z","event":"password_reset","provider":"twilio","to":"5562999999999","status":"skipped","metadata":{"event":"password_reset","userId":21,"email":"ana@example.com","link":"https://meu-sistema-nps.vercel.app/perfil"},"error":"WhatsApp desabilitado por configuração."}
{"at":"2026-05-06T18:34:43.602Z","event":"password_reset","provider":"twilio","to":"5562888888888","status":"skipped","metadata":{"event":"password_reset","userId":22,"email":"bruno@example.com","link":"https://meu-sistema-nps.vercel.app/perfil"},"error":"WhatsApp desabilitado por configuração."}
{"at":"2026-05-06T18:48:20.084Z","event":"user_welcome","provider":"twilio","to":"5562999999999","status":"skipped","metadata":{"event":"user_welcome","userId":77,"email":"maria@example.com"},"error":"WhatsApp desabilitado por configuração."}
{"at":"2026-05-06T18:48:20.570Z","event":"manual_send","provider":"twilio","to":"5562999669966","status":"skipped","metadata":{"event":"manual_send","to":"5562999669966","message":"Teste manual de WhatsApp","userId":1,"verifyFinalStatus":true},"providerMessageId":null,"error":"Configuracao Twilio ausente: TWILIO_ACCOUNT_SID, TWILIO_AUTH_TOKEN, TWILIO_TEMPLATE_GENERIC_SID.","response":null}
{"at":"2026-05-06T18:48:20.580Z","event":"manual_test","provider":"twilio","to":"5562999669966","status":"skipped","metadata":{"event":"manual_test","to":"5562999669966","message":"Envio de mensagem teste","userId":1,"verifyFinalStatus":true},"error":"WhatsApp desabilitado por configuração."}
{"at":"2026-05-06T18:48:20.670Z","event":"password_reset","provider":"twilio","to":"5562999999999","status":"skipped","metadata":{"event":"password_reset","userId":21,"email":"ana@example.com","link":"https://meu-sistema-nps.vercel.app/perfil"},"error":"WhatsApp desabilitado por configuração."}
{"at":"2026-05-06T18:48:20.749Z","event":"password_reset","provider":"twilio","to":"5562888888888","status":"skipped","metadata":{"event":"password_reset","userId":22,"email":"bruno@example.com","link":"https://meu-sistema-nps.vercel.app/perfil"},"error":"WhatsApp desabilitado por configuração."}
{"at":"2026-05-06T19:56:52.274Z","event":"user_welcome","provider":"twilio","to":"5562999999999","status":"skipped","metadata":{"event":"user_welcome","userId":77,"email":"maria@example.com"},"error":"WhatsApp desabilitado por configuração."}
{"at":"2026-05-06T19:56:52.971Z","event":"manual_send","provider":"twilio","to":"5562999669966","status":"skipped","metadata":{"event":"manual_send","to":"5562999669966","message":"Teste manual de WhatsApp","userId":1,"verifyFinalStatus":true},"providerMessageId":null,"error":"Configuracao Twilio ausente: TWILIO_ACCOUNT_SID, TWILIO_AUTH_TOKEN, TWILIO_TEMPLATE_GENERIC_SID.","response":null}
{"at":"2026-05-06T19:56:52.985Z","event":"manual_test","provider":"twilio","to":"5562999669966","status":"skipped","metadata":{"event":"manual_test","to":"5562999669966","message":"Envio de mensagem teste","userId":1,"verifyFinalStatus":true},"error":"WhatsApp desabilitado por configuração."}
{"at":"2026-05-06T19:56:53.113Z","event":"password_reset","provider":"twilio","to":"5562999999999","status":"skipped","metadata":{"event":"password_reset","userId":21,"email":"ana@example.com","link":"https://meu-sistema-nps.vercel.app/perfil"},"error":"WhatsApp desabilitado por configuração."}
{"at":"2026-05-06T19:56:53.227Z","event":"password_reset","provider":"twilio","to":"5562888888888","status":"skipped","metadata":{"event":"password_reset","userId":22,"email":"bruno@example.com","link":"https://meu-sistema-nps.vercel.app/perfil"},"error":"WhatsApp desabilitado por configuração."}
{"at":"2026-05-07T17:29:13.728Z","event":"user_welcome","provider":"twilio","to":"5562999999999","status":"skipped","metadata":{"event":"user_welcome","userId":77,"email":"maria@example.com"},"error":"WhatsApp desabilitado por configuração."}
{"at":"2026-05-07T17:29:15.372Z","event":"manual_send","provider":"twilio","to":"5562999669966","status":"skipped","metadata":{"event":"manual_send","to":"5562999669966","message":"Teste manual de WhatsApp","userId":1,"verifyFinalStatus":true},"providerMessageId":null,"error":"Configuracao Twilio ausente: TWILIO_ACCOUNT_SID, TWILIO_AUTH_TOKEN, TWILIO_TEMPLATE_GENERIC_SID.","response":null}
{"at":"2026-05-07T17:29:15.412Z","event":"manual_test","provider":"twilio","to":"5562999669966","status":"skipped","metadata":{"event":"manual_test","to":"5562999669966","message":"Envio de mensagem teste","userId":1,"verifyFinalStatus":true},"error":"WhatsApp desabilitado por configuração."}
{"at":"2026-05-07T17:29:15.661Z","event":"password_reset","provider":"twilio","to":"5562999999999","status":"skipped","metadata":{"event":"password_reset","userId":21,"email":"ana@example.com","link":"https://meu-sistema-nps.vercel.app/perfil"},"error":"WhatsApp desabilitado por configuração."}
{"at":"2026-05-07T17:29:15.953Z","event":"password_reset","provider":"twilio","to":"5562888888888","status":"skipped","metadata":{"event":"password_reset","userId":22,"email":"bruno@example.com","link":"https://meu-sistema-nps.vercel.app/perfil"},"error":"WhatsApp desabilitado por configuração."}
{"at":"2026-05-07T19:20:02.841Z","event":"user_welcome","provider":"twilio","to":"5562999999999","status":"skipped","metadata":{"event":"user_welcome","userId":77,"email":"maria@example.com"},"error":"WhatsApp desabilitado por configuração."}
{"at":"2026-05-07T19:20:03.344Z","event":"manual_send","provider":"twilio","to":"5562999669966","status":"skipped","metadata":{"event":"manual_send","to":"5562999669966","message":"Teste manual de WhatsApp","userId":1,"verifyFinalStatus":true},"providerMessageId":null,"error":"Configuracao Twilio ausente: TWILIO_ACCOUNT_SID, TWILIO_AUTH_TOKEN, TWILIO_TEMPLATE_GENERIC_SID.","response":null}
{"at":"2026-05-07T19:20:03.353Z","event":"manual_test","provider":"twilio","to":"5562999669966","status":"skipped","metadata":{"event":"manual_test","to":"5562999669966","message":"Envio de mensagem teste","userId":1,"verifyFinalStatus":true},"error":"WhatsApp desabilitado por configuração."}
{"at":"2026-05-07T19:20:03.437Z","event":"password_reset","provider":"twilio","to":"5562999999999","status":"skipped","metadata":{"event":"password_reset","userId":21,"email":"ana@example.com","link":"https://meu-sistema-nps.vercel.app/perfil"},"error":"WhatsApp desabilitado por configuração."}
{"at":"2026-05-07T19:20:03.526Z","event":"password_reset","provider":"twilio","to":"5562888888888","status":"skipped","metadata":{"event":"password_reset","userId":22,"email":"bruno@example.com","link":"https://meu-sistema-nps.vercel.app/perfil"},"error":"WhatsApp desabilitado por configuração."}
{"at":"2026-05-07T19:21:30.992Z","event":"user_welcome","provider":"twilio","to":"5562999999999","status":"skipped","metadata":{"event":"user_welcome","userId":77,"email":"maria@example.com"},"error":"WhatsApp desabilitado por configuração."}
{"at":"2026-05-07T19:21:31.283Z","event":"manual_send","provider":"twilio","to":"5562999669966","status":"skipped","metadata":{"event":"manual_send","to":"5562999669966","message":"Teste manual de WhatsApp","userId":1,"verifyFinalStatus":true},"providerMessageId":null,"error":"Configuracao Twilio ausente: TWILIO_ACCOUNT_SID, TWILIO_AUTH_TOKEN, TWILIO_TEMPLATE_GENERIC_SID.","response":null}
{"at":"2026-05-07T19:21:31.289Z","event":"manual_test","provider":"twilio","to":"5562999669966","status":"skipped","metadata":{"event":"manual_test","to":"5562999669966","message":"Envio de mensagem teste","userId":1,"verifyFinalStatus":true},"error":"WhatsApp desabilitado por configuração."}
{"at":"2026-05-07T19:21:31.371Z","event":"password_reset","provider":"twilio","to":"5562999999999","status":"skipped","metadata":{"event":"password_reset","userId":21,"email":"ana@example.com","link":"https://meu-sistema-nps.vercel.app/perfil"},"error":"WhatsApp desabilitado por configuração."}
{"at":"2026-05-07T19:21:31.423Z","event":"password_reset","provider":"twilio","to":"5562888888888","status":"skipped","metadata":{"event":"password_reset","userId":22,"email":"bruno@example.com","link":"https://meu-sistema-nps.vercel.app/perfil"},"error":"WhatsApp desabilitado por configuração."}
{"at":"2026-05-08T12:32:53.539Z","event":"user_welcome","provider":"twilio","to":"5562999999999","status":"skipped","metadata":{"event":"user_welcome","userId":77,"email":"maria@example.com"},"error":"WhatsApp desabilitado por configuração."}
{"at":"2026-05-08T12:32:53.984Z","event":"manual_send","provider":"twilio","to":"5562999669966","status":"skipped","metadata":{"event":"manual_send","to":"5562999669966","message":"Teste manual de WhatsApp","userId":1,"verifyFinalStatus":true},"providerMessageId":null,"error":"Configuracao Twilio ausente: TWILIO_ACCOUNT_SID, TWILIO_AUTH_TOKEN, TWILIO_TEMPLATE_GENERIC_SID.","response":null}
{"at":"2026-05-08T12:32:53.991Z","event":"manual_test","provider":"twilio","to":"5562999669966","status":"skipped","metadata":{"event":"manual_test","to":"5562999669966","message":"Envio de mensagem teste","userId":1,"verifyFinalStatus":true},"error":"WhatsApp desabilitado por configuração."}
{"at":"2026-05-08T12:32:54.107Z","event":"password_reset","provider":"twilio","to":"5562999999999","status":"skipped","metadata":{"event":"password_reset","userId":21,"email":"ana@example.com","link":"https://meu-sistema-nps.vercel.app/perfil"},"error":"WhatsApp desabilitado por configuração."}
{"at":"2026-05-08T12:32:54.189Z","event":"password_reset","provider":"twilio","to":"5562888888888","status":"skipped","metadata":{"event":"password_reset","userId":22,"email":"bruno@example.com","link":"https://meu-sistema-nps.vercel.app/perfil"},"error":"WhatsApp desabilitado por configuração."}
{"at":"2026-05-08T19:05:05.012Z","event":"user_welcome","provider":"twilio","to":"5562999999999","status":"skipped","metadata":{"event":"user_welcome","userId":77,"email":"maria@example.com"},"error":"WhatsApp desabilitado por configuração."}
{"at":"2026-05-08T19:05:06.534Z","event":"manual_send","provider":"twilio","to":"5562999669966","status":"skipped","metadata":{"event":"manual_send","to":"5562999669966","message":"Teste manual de WhatsApp","userId":1,"verifyFinalStatus":true},"providerMessageId":null,"error":"Configuracao Twilio ausente: TWILIO_ACCOUNT_SID, TWILIO_AUTH_TOKEN, TWILIO_TEMPLATE_GENERIC_SID.","response":null}
{"at":"2026-05-08T19:05:06.565Z","event":"manual_test","provider":"twilio","to":"5562999669966","status":"skipped","metadata":{"event":"manual_test","to":"5562999669966","message":"Envio de mensagem teste","userId":1,"verifyFinalStatus":true},"error":"WhatsApp desabilitado por configuração."}
{"at":"2026-05-08T19:05:06.822Z","event":"password_reset","provider":"twilio","to":"5562999999999","status":"skipped","metadata":{"event":"password_reset","userId":21,"email":"ana@example.com","link":"https://meu-sistema-nps.vercel.app/perfil"},"error":"WhatsApp desabilitado por configuração."}
{"at":"2026-05-08T19:05:07.088Z","event":"password_reset","provider":"twilio","to":"5562888888888","status":"skipped","metadata":{"event":"password_reset","userId":22,"email":"bruno@example.com","link":"https://meu-sistema-nps.vercel.app/perfil"},"error":"WhatsApp desabilitado por configuração."}
{"at":"2026-05-08T19:05:46.515Z","event":"user_welcome","provider":"twilio","to":"5562999999999","status":"skipped","metadata":{"event":"user_welcome","userId":77,"email":"maria@example.com"},"error":"WhatsApp desabilitado por configuração."}
{"at":"2026-05-08T19:05:46.944Z","event":"manual_send","provider":"twilio","to":"5562999669966","status":"skipped","metadata":{"event":"manual_send","to":"5562999669966","message":"Teste manual de WhatsApp","userId":1,"verifyFinalStatus":true},"providerMessageId":null,"error":"Configuracao Twilio ausente: TWILIO_ACCOUNT_SID, TWILIO_AUTH_TOKEN, TWILIO_TEMPLATE_GENERIC_SID.","response":null}
{"at":"2026-05-08T19:05:46.955Z","event":"manual_test","provider":"twilio","to":"5562999669966","status":"skipped","metadata":{"event":"manual_test","to":"5562999669966","message":"Envio de mensagem teste","userId":1,"verifyFinalStatus":true},"error":"WhatsApp desabilitado por configuração."}
{"at":"2026-05-08T19:05:47.056Z","event":"password_reset","provider":"twilio","to":"5562999999999","status":"skipped","metadata":{"event":"password_reset","userId":21,"email":"ana@example.com","link":"https://meu-sistema-nps.vercel.app/perfil"},"error":"WhatsApp desabilitado por configuração."}
{"at":"2026-05-08T19:05:47.157Z","event":"password_reset","provider":"twilio","to":"5562888888888","status":"skipped","metadata":{"event":"password_reset","userId":22,"email":"bruno@example.com","link":"https://meu-sistema-nps.vercel.app/perfil"},"error":"WhatsApp desabilitado por configuração."}
{"at":"2026-05-12T12:56:11.291Z","event":"user_welcome","provider":"twilio","to":"5562999999999","status":"skipped","metadata":{"event":"user_welcome","userId":77,"email":"maria@example.com"},"error":"WhatsApp desabilitado por configuração."}
{"at":"2026-05-12T12:56:12.952Z","event":"manual_send","provider":"twilio","to":"5562999669966","status":"skipped","metadata":{"event":"manual_send","to":"5562999669966","message":"Teste manual de WhatsApp","userId":1,"verifyFinalStatus":true},"providerMessageId":null,"error":"Configuracao Twilio ausente: TWILIO_ACCOUNT_SID, TWILIO_AUTH_TOKEN, TWILIO_TEMPLATE_GENERIC_SID.","response":null}
{"at":"2026-05-12T12:56:12.976Z","event":"manual_test","provider":"twilio","to":"5562999669966","status":"skipped","metadata":{"event":"manual_test","to":"5562999669966","message":"Envio de mensagem teste","userId":1,"verifyFinalStatus":true},"error":"WhatsApp desabilitado por configuração."}
{"at":"2026-05-12T12:56:13.167Z","event":"password_reset","provider":"twilio","to":"5562999999999","status":"skipped","metadata":{"event":"password_reset","userId":21,"email":"ana@example.com","link":"https://meu-sistema-nps.vercel.app/perfil"},"error":"WhatsApp desabilitado por configuração."}
{"at":"2026-05-12T12:56:13.299Z","event":"password_reset","provider":"twilio","to":"5562888888888","status":"skipped","metadata":{"event":"password_reset","userId":22,"email":"bruno@example.com","link":"https://meu-sistema-nps.vercel.app/perfil"},"error":"WhatsApp desabilitado por configuração."}
{"at":"2026-05-12T15:05:52.339Z","event":"user_welcome","provider":"twilio","to":"5562999999999","status":"skipped","metadata":{"event":"user_welcome","userId":77,"email":"maria@example.com"},"error":"WhatsApp desabilitado por configuração."}
{"at":"2026-05-12T15:05:53.330Z","event":"manual_send","provider":"twilio","to":"5562999669966","status":"skipped","metadata":{"event":"manual_send","to":"5562999669966","message":"Teste manual de WhatsApp","userId":1,"verifyFinalStatus":true},"providerMessageId":null,"error":"Configuracao Twilio ausente: TWILIO_ACCOUNT_SID, TWILIO_AUTH_TOKEN, TWILIO_TEMPLATE_GENERIC_SID.","response":null}
{"at":"2026-05-12T15:05:53.362Z","event":"manual_test","provider":"twilio","to":"5562999669966","status":"skipped","metadata":{"event":"manual_test","to":"5562999669966","message":"Envio de mensagem teste","userId":1,"verifyFinalStatus":true},"error":"WhatsApp desabilitado por configuração."}
{"at":"2026-05-12T15:05:53.527Z","event":"password_reset","provider":"twilio","to":"5562999999999","status":"skipped","metadata":{"event":"password_reset","userId":21,"email":"ana@example.com","link":"https://meu-sistema-nps.vercel.app/perfil"},"error":"WhatsApp desabilitado por configuração."}
{"at":"2026-05-12T15:05:53.662Z","event":"password_reset","provider":"twilio","to":"5562888888888","status":"skipped","metadata":{"event":"password_reset","userId":22,"email":"bruno@example.com","link":"https://meu-sistema-nps.vercel.app/perfil"},"error":"WhatsApp desabilitado por configuração."}
{"at":"2026-05-12T17:37:51.280Z","event":"user_welcome","provider":"twilio","to":"5562999999999","status":"skipped","metadata":{"event":"user_welcome","userId":77,"email":"maria@example.com"},"error":"WhatsApp desabilitado por configuração."}
{"at":"2026-05-12T17:37:51.802Z","event":"manual_send","provider":"twilio","to":"5562999669966","status":"skipped","metadata":{"event":"manual_send","to":"5562999669966","message":"Teste manual de WhatsApp","userId":1,"verifyFinalStatus":true},"providerMessageId":null,"error":"Configuracao Twilio ausente: TWILIO_ACCOUNT_SID, TWILIO_AUTH_TOKEN, TWILIO_TEMPLATE_GENERIC_SID.","response":null}
{"at":"2026-05-12T17:37:51.821Z","event":"manual_test","provider":"twilio","to":"5562999669966","status":"skipped","metadata":{"event":"manual_test","to":"5562999669966","message":"Envio de mensagem teste","userId":1,"verifyFinalStatus":true},"error":"WhatsApp desabilitado por configuração."}
{"at":"2026-05-12T17:37:52.019Z","event":"password_reset","provider":"twilio","to":"5562999999999","status":"skipped","metadata":{"event":"password_reset","userId":21,"email":"ana@example.com","link":"https://meu-sistema-nps.vercel.app/perfil"},"error":"WhatsApp desabilitado por configuração."}
{"at":"2026-05-12T17:37:52.118Z","event":"password_reset","provider":"twilio","to":"5562888888888","status":"skipped","metadata":{"event":"password_reset","userId":22,"email":"bruno@example.com","link":"https://meu-sistema-nps.vercel.app/perfil"},"error":"WhatsApp desabilitado por configuração."}
{"at":"2026-05-12T17:47:39.074Z","event":"user_welcome","provider":"twilio","to":"5562999999999","status":"skipped","metadata":{"event":"user_welcome","userId":77,"email":"maria@example.com"},"error":"WhatsApp desabilitado por configuração."}
{"at":"2026-05-12T17:47:42.127Z","event":"manual_send","provider":"twilio","to":"5562999669966","status":"skipped","metadata":{"event":"manual_send","to":"5562999669966","message":"Teste manual de WhatsApp","userId":1,"verifyFinalStatus":true},"providerMessageId":null,"error":"Configuracao Twilio ausente: TWILIO_ACCOUNT_SID, TWILIO_AUTH_TOKEN, TWILIO_TEMPLATE_GENERIC_SID.","response":null}
{"at":"2026-05-12T17:47:42.182Z","event":"manual_test","provider":"twilio","to":"5562999669966","status":"skipped","metadata":{"event":"manual_test","to":"5562999669966","message":"Envio de mensagem teste","userId":1,"verifyFinalStatus":true},"error":"WhatsApp desabilitado por configuração."}
{"at":"2026-05-12T17:47:42.853Z","event":"password_reset","provider":"twilio","to":"5562999999999","status":"skipped","metadata":{"event":"password_reset","userId":21,"email":"ana@example.com","link":"https://meu-sistema-nps.vercel.app/perfil"},"error":"WhatsApp desabilitado por configuração."}
{"at":"2026-05-12T17:47:43.199Z","event":"password_reset","provider":"twilio","to":"5562888888888","status":"skipped","metadata":{"event":"password_reset","userId":22,"email":"bruno@example.com","link":"https://meu-sistema-nps.vercel.app/perfil"},"error":"WhatsApp desabilitado por configuração."}
{"at":"2026-05-13T11:54:38.235Z","event":"user_welcome","provider":"twilio","to":"5562999999999","status":"skipped","metadata":{"event":"user_welcome","userId":77,"email":"maria@example.com"},"error":"WhatsApp desabilitado por configuração."}
{"at":"2026-05-13T11:54:38.957Z","event":"manual_send","provider":"twilio","to":"5562999669966","status":"skipped","metadata":{"event":"manual_send","to":"5562999669966","message":"Teste manual de WhatsApp","userId":1,"verifyFinalStatus":true},"providerMessageId":null,"error":"Configuracao Twilio ausente: TWILIO_ACCOUNT_SID, TWILIO_AUTH_TOKEN, TWILIO_TEMPLATE_GENERIC_SID.","response":null}
{"at":"2026-05-13T11:54:38.971Z","event":"manual_test","provider":"twilio","to":"5562999669966","status":"skipped","metadata":{"event":"manual_test","to":"5562999669966","message":"Envio de mensagem teste","userId":1,"verifyFinalStatus":true},"error":"WhatsApp desabilitado por configuração."}
{"at":"2026-05-13T11:54:39.083Z","event":"password_reset","provider":"twilio","to":"5562999999999","status":"skipped","metadata":{"event":"password_reset","userId":21,"email":"ana@example.com","link":"https://meu-sistema-nps.vercel.app/perfil"},"error":"WhatsApp desabilitado por configuração."}
{"at":"2026-05-13T11:54:39.200Z","event":"password_reset","provider":"twilio","to":"5562888888888","status":"skipped","metadata":{"event":"password_reset","userId":22,"email":"bruno@example.com","link":"https://meu-sistema-nps.vercel.app/perfil"},"error":"WhatsApp desabilitado por configuração."}
{"at":"2026-05-13T12:24:04.940Z","event":"user_welcome","provider":"twilio","to":"5562999999999","status":"skipped","metadata":{"event":"user_welcome","userId":77,"email":"maria@example.com"},"error":"WhatsApp desabilitado por configuração."}
{"at":"2026-05-13T12:24:06.788Z","event":"manual_send","provider":"twilio","to":"5562999669966","status":"skipped","metadata":{"event":"manual_send","to":"5562999669966","message":"Teste manual de WhatsApp","userId":1,"verifyFinalStatus":true},"providerMessageId":null,"error":"Configuracao Twilio ausente: TWILIO_ACCOUNT_SID, TWILIO_AUTH_TOKEN, TWILIO_TEMPLATE_GENERIC_SID.","response":null}
{"at":"2026-05-13T12:24:06.809Z","event":"manual_test","provider":"twilio","to":"5562999669966","status":"skipped","metadata":{"event":"manual_test","to":"5562999669966","message":"Envio de mensagem teste","userId":1,"verifyFinalStatus":true},"error":"WhatsApp desabilitado por configuração."}
{"at":"2026-05-13T12:24:07.026Z","event":"password_reset","provider":"twilio","to":"5562999999999","status":"skipped","metadata":{"event":"password_reset","userId":21,"email":"ana@example.com","link":"https://meu-sistema-nps.vercel.app/perfil"},"error":"WhatsApp desabilitado por configuração."}
{"at":"2026-05-13T12:24:07.142Z","event":"password_reset","provider":"twilio","to":"5562888888888","status":"skipped","metadata":{"event":"password_reset","userId":22,"email":"bruno@example.com","link":"https://meu-sistema-nps.vercel.app/perfil"},"error":"WhatsApp desabilitado por configuração."}
{"at":"2026-05-13T12:26:29.881Z","event":"user_welcome","provider":"twilio","to":"5562999999999","status":"skipped","metadata":{"event":"user_welcome","userId":77,"email":"maria@example.com"},"error":"WhatsApp desabilitado por configuração."}
{"at":"2026-05-13T12:26:30.468Z","event":"manual_send","provider":"twilio","to":"5562999669966","status":"skipped","metadata":{"event":"manual_send","to":"5562999669966","message":"Teste manual de WhatsApp","userId":1,"verifyFinalStatus":true},"providerMessageId":null,"error":"Configuracao Twilio ausente: TWILIO_ACCOUNT_SID, TWILIO_AUTH_TOKEN, TWILIO_TEMPLATE_GENERIC_SID.","response":null}
{"at":"2026-05-13T12:26:30.509Z","event":"manual_test","provider":"twilio","to":"5562999669966","status":"skipped","metadata":{"event":"manual_test","to":"5562999669966","message":"Envio de mensagem teste","userId":1,"verifyFinalStatus":true},"error":"WhatsApp desabilitado por configuração."}
{"at":"2026-05-13T12:26:30.786Z","event":"password_reset","provider":"twilio","to":"5562999999999","status":"skipped","metadata":{"event":"password_reset","userId":21,"email":"ana@example.com","link":"https://meu-sistema-nps.vercel.app/perfil"},"error":"WhatsApp desabilitado por configuração."}
{"at":"2026-05-13T12:26:31.400Z","event":"password_reset","provider":"twilio","to":"5562888888888","status":"skipped","metadata":{"event":"password_reset","userId":22,"email":"bruno@example.com","link":"https://meu-sistema-nps.vercel.app/perfil"},"error":"WhatsApp desabilitado por configuração."}
{"at":"2026-05-13T13:13:18.827Z","event":"user_welcome","provider":"twilio","to":"5562999999999","status":"skipped","metadata":{"event":"user_welcome","userId":77,"email":"maria@example.com"},"error":"WhatsApp desabilitado por configuração."}
{"at":"2026-05-13T13:13:20.262Z","event":"manual_send","provider":"twilio","to":"5562999669966","status":"skipped","metadata":{"event":"manual_send","to":"5562999669966","message":"Teste manual de WhatsApp","userId":1,"verifyFinalStatus":true},"providerMessageId":null,"error":"Configuracao Twilio ausente: TWILIO_ACCOUNT_SID, TWILIO_AUTH_TOKEN, TWILIO_TEMPLATE_GENERIC_SID.","response":null}
{"at":"2026-05-13T13:13:20.308Z","event":"manual_test","provider":"twilio","to":"5562999669966","status":"skipped","metadata":{"event":"manual_test","to":"5562999669966","message":"Envio de mensagem teste","userId":1,"verifyFinalStatus":true},"error":"WhatsApp desabilitado por configuração."}
{"at":"2026-05-13T13:13:20.680Z","event":"password_reset","provider":"twilio","to":"5562999999999","status":"skipped","metadata":{"event":"password_reset","userId":21,"email":"ana@example.com","link":"https://meu-sistema-nps.vercel.app/perfil"},"error":"WhatsApp desabilitado por configuração."}
{"at":"2026-05-13T13:13:20.967Z","event":"password_reset","provider":"twilio","to":"5562888888888","status":"skipped","metadata":{"event":"password_reset","userId":22,"email":"bruno@example.com","link":"https://meu-sistema-nps.vercel.app/perfil"},"error":"WhatsApp desabilitado por configuração."}
{"at":"2026-05-13T13:18:44.612Z","event":"user_welcome","provider":"twilio","to":"5562999999999","status":"skipped","metadata":{"event":"user_welcome","userId":77,"email":"maria@example.com"},"error":"WhatsApp desabilitado por configuração."}
{"at":"2026-05-13T13:18:45.687Z","event":"manual_send","provider":"twilio","to":"5562999669966","status":"skipped","metadata":{"event":"manual_send","to":"5562999669966","message":"Teste manual de WhatsApp","userId":1,"verifyFinalStatus":true},"providerMessageId":null,"error":"Configuracao Twilio ausente: TWILIO_ACCOUNT_SID, TWILIO_AUTH_TOKEN, TWILIO_TEMPLATE_GENERIC_SID.","response":null}
{"at":"2026-05-13T13:18:45.782Z","event":"manual_test","provider":"twilio","to":"5562999669966","status":"skipped","metadata":{"event":"manual_test","to":"5562999669966","message":"Envio de mensagem teste","userId":1,"verifyFinalStatus":true},"error":"WhatsApp desabilitado por configuração."}
{"at":"2026-05-13T13:18:46.250Z","event":"password_reset","provider":"twilio","to":"5562999999999","status":"skipped","metadata":{"event":"password_reset","userId":21,"email":"ana@example.com","link":"https://meu-sistema-nps.vercel.app/perfil"},"error":"WhatsApp desabilitado por configuração."}
{"at":"2026-05-13T13:18:46.672Z","event":"password_reset","provider":"twilio","to":"5562888888888","status":"skipped","metadata":{"event":"password_reset","userId":22,"email":"bruno@example.com","link":"https://meu-sistema-nps.vercel.app/perfil"},"error":"WhatsApp desabilitado por configuração."}
{"at":"2026-05-13T13:37:40.846Z","event":"user_welcome","provider":"twilio","to":"5562999999999","status":"skipped","metadata":{"event":"user_welcome","userId":77,"email":"maria@example.com"},"error":"WhatsApp desabilitado por configuração."}
{"at":"2026-05-13T13:37:42.298Z","event":"manual_send","provider":"twilio","to":"5562999669966","status":"skipped","metadata":{"event":"manual_send","to":"5562999669966","message":"Teste manual de WhatsApp","userId":1,"verifyFinalStatus":true},"providerMessageId":null,"error":"Configuracao Twilio ausente: TWILIO_ACCOUNT_SID, TWILIO_AUTH_TOKEN, TWILIO_TEMPLATE_GENERIC_SID.","response":null}
{"at":"2026-05-13T13:37:42.362Z","event":"manual_test","provider":"twilio","to":"5562999669966","status":"skipped","metadata":{"event":"manual_test","to":"5562999669966","message":"Envio de mensagem teste","userId":1,"verifyFinalStatus":true},"error":"WhatsApp desabilitado por configuração."}
{"at":"2026-05-13T13:37:42.901Z","event":"password_reset","provider":"twilio","to":"5562999999999","status":"skipped","metadata":{"event":"password_reset","userId":21,"email":"ana@example.com","link":"https://meu-sistema-nps.vercel.app/perfil"},"error":"WhatsApp desabilitado por configuração."}
{"at":"2026-05-13T13:37:43.293Z","event":"password_reset","provider":"twilio","to":"5562888888888","status":"skipped","metadata":{"event":"password_reset","userId":22,"email":"bruno@example.com","link":"https://meu-sistema-nps.vercel.app/perfil"},"error":"WhatsApp desabilitado por configuração."}
{"at":"2026-05-13T15:18:57.130Z","event":"user_welcome","provider":"twilio","to":"5562999999999","status":"skipped","metadata":{"event":"user_welcome","userId":77,"email":"maria@example.com"},"error":"WhatsApp desabilitado por configuração."}
{"at":"2026-05-13T15:18:59.131Z","event":"manual_send","provider":"twilio","to":"5562999669966","status":"skipped","metadata":{"event":"manual_send","to":"5562999669966","message":"Teste manual de WhatsApp","userId":1,"verifyFinalStatus":true},"providerMessageId":null,"error":"Configuracao Twilio ausente: TWILIO_ACCOUNT_SID, TWILIO_AUTH_TOKEN, TWILIO_TEMPLATE_GENERIC_SID.","response":null}
{"at":"2026-05-13T15:18:59.177Z","event":"manual_test","provider":"twilio","to":"5562999669966","status":"skipped","metadata":{"event":"manual_test","to":"5562999669966","message":"Envio de mensagem teste","userId":1,"verifyFinalStatus":true},"error":"WhatsApp desabilitado por configuração."}
{"at":"2026-05-13T15:18:59.529Z","event":"password_reset","provider":"twilio","to":"5562999999999","status":"skipped","metadata":{"event":"password_reset","userId":21,"email":"ana@example.com","link":"https://meu-sistema-nps.vercel.app/perfil"},"error":"WhatsApp desabilitado por configuração."}
{"at":"2026-05-13T15:18:59.816Z","event":"password_reset","provider":"twilio","to":"5562888888888","status":"skipped","metadata":{"event":"password_reset","userId":22,"email":"bruno@example.com","link":"https://meu-sistema-nps.vercel.app/perfil"},"error":"WhatsApp desabilitado por configuração."}
{"at":"2026-05-13T15:21:01.085Z","event":"user_welcome","provider":"twilio","to":"5562999999999","status":"skipped","metadata":{"event":"user_welcome","userId":77,"email":"maria@example.com"},"error":"WhatsApp desabilitado por configuração."}
{"at":"2026-05-13T15:21:01.939Z","event":"manual_send","provider":"twilio","to":"5562999669966","status":"skipped","metadata":{"event":"manual_send","to":"5562999669966","message":"Teste manual de WhatsApp","userId":1,"verifyFinalStatus":true},"providerMessageId":null,"error":"Configuracao Twilio ausente: TWILIO_ACCOUNT_SID, TWILIO_AUTH_TOKEN, TWILIO_TEMPLATE_GENERIC_SID.","response":null}
{"at":"2026-05-13T15:21:01.959Z","event":"manual_test","provider":"twilio","to":"5562999669966","status":"skipped","metadata":{"event":"manual_test","to":"5562999669966","message":"Envio de mensagem teste","userId":1,"verifyFinalStatus":true},"error":"WhatsApp desabilitado por configuração."}
{"at":"2026-05-13T15:21:02.123Z","event":"password_reset","provider":"twilio","to":"5562999999999","status":"skipped","metadata":{"event":"password_reset","userId":21,"email":"ana@example.com","link":"https://meu-sistema-nps.vercel.app/perfil"},"error":"WhatsApp desabilitado por configuração."}
{"at":"2026-05-13T15:21:02.280Z","event":"password_reset","provider":"twilio","to":"5562888888888","status":"skipped","metadata":{"event":"password_reset","userId":22,"email":"bruno@example.com","link":"https://meu-sistema-nps.vercel.app/perfil"},"error":"WhatsApp desabilitado por configuração."}
{"at":"2026-05-13T15:25:21.641Z","event":"user_welcome","provider":"twilio","to":"5562999999999","status":"skipped","metadata":{"event":"user_welcome","userId":77,"email":"maria@example.com"},"error":"WhatsApp desabilitado por configuração."}
{"at":"2026-05-13T15:25:22.033Z","event":"manual_send","provider":"twilio","to":"5562999669966","status":"skipped","metadata":{"event":"manual_send","to":"5562999669966","message":"Teste manual de WhatsApp","userId":1,"verifyFinalStatus":true},"providerMessageId":null,"error":"Configuracao Twilio ausente: TWILIO_ACCOUNT_SID, TWILIO_AUTH_TOKEN, TWILIO_TEMPLATE_GENERIC_SID.","response":null}
{"at":"2026-05-13T15:25:22.042Z","event":"manual_test","provider":"twilio","to":"5562999669966","status":"skipped","metadata":{"event":"manual_test","to":"5562999669966","message":"Envio de mensagem teste","userId":1,"verifyFinalStatus":true},"error":"WhatsApp desabilitado por configuração."}
{"at":"2026-05-13T15:25:22.116Z","event":"password_reset","provider":"twilio","to":"5562999999999","status":"skipped","metadata":{"event":"password_reset","userId":21,"email":"ana@example.com","link":"https://meu-sistema-nps.vercel.app/perfil"},"error":"WhatsApp desabilitado por configuração."}
{"at":"2026-05-13T15:25:22.174Z","event":"password_reset","provider":"twilio","to":"5562888888888","status":"skipped","metadata":{"event":"password_reset","userId":22,"email":"bruno@example.com","link":"https://meu-sistema-nps.vercel.app/perfil"},"error":"WhatsApp desabilitado por configuração."}
{"at":"2026-05-13T15:27:15.941Z","event":"user_welcome","provider":"twilio","to":"5562999999999","status":"skipped","metadata":{"event":"user_welcome","userId":77,"email":"maria@example.com"},"error":"WhatsApp desabilitado por configuração."}
{"at":"2026-05-13T15:27:16.382Z","event":"manual_send","provider":"twilio","to":"5562999669966","status":"skipped","metadata":{"event":"manual_send","to":"5562999669966","message":"Teste manual de WhatsApp","userId":1,"verifyFinalStatus":true},"providerMessageId":null,"error":"Configuracao Twilio ausente: TWILIO_ACCOUNT_SID, TWILIO_AUTH_TOKEN, TWILIO_TEMPLATE_GENERIC_SID.","response":null}
{"at":"2026-05-13T15:27:16.395Z","event":"manual_test","provider":"twilio","to":"5562999669966","status":"skipped","metadata":{"event":"manual_test","to":"5562999669966","message":"Envio de mensagem teste","userId":1,"verifyFinalStatus":true},"error":"WhatsApp desabilitado por configuração."}
{"at":"2026-05-13T15:27:16.499Z","event":"password_reset","provider":"twilio","to":"5562999999999","status":"skipped","metadata":{"event":"password_reset","userId":21,"email":"ana@example.com","link":"https://meu-sistema-nps.vercel.app/perfil"},"error":"WhatsApp desabilitado por configuração."}
{"at":"2026-05-13T15:27:16.574Z","event":"password_reset","provider":"twilio","to":"5562888888888","status":"skipped","metadata":{"event":"password_reset","userId":22,"email":"bruno@example.com","link":"https://meu-sistema-nps.vercel.app/perfil"},"error":"WhatsApp desabilitado por configuração."}
{"at":"2026-05-13T15:28:19.110Z","event":"user_welcome","provider":"twilio","to":"5562999999999","status":"skipped","metadata":{"event":"user_welcome","userId":77,"email":"maria@example.com"},"error":"WhatsApp desabilitado por configuração."}
{"at":"2026-05-13T15:28:19.503Z","event":"manual_send","provider":"twilio","to":"5562999669966","status":"skipped","metadata":{"event":"manual_send","to":"5562999669966","message":"Teste manual de WhatsApp","userId":1,"verifyFinalStatus":true},"providerMessageId":null,"error":"Configuracao Twilio ausente: TWILIO_ACCOUNT_SID, TWILIO_AUTH_TOKEN, TWILIO_TEMPLATE_GENERIC_SID.","response":null}
{"at":"2026-05-13T15:28:19.514Z","event":"manual_test","provider":"twilio","to":"5562999669966","status":"skipped","metadata":{"event":"manual_test","to":"5562999669966","message":"Envio de mensagem teste","userId":1,"verifyFinalStatus":true},"error":"WhatsApp desabilitado por configuração."}
{"at":"2026-05-13T15:28:19.602Z","event":"password_reset","provider":"twilio","to":"5562999999999","status":"skipped","metadata":{"event":"password_reset","userId":21,"email":"ana@example.com","link":"https://meu-sistema-nps.vercel.app/perfil"},"error":"WhatsApp desabilitado por configuração."}
{"at":"2026-05-13T15:28:19.682Z","event":"password_reset","provider":"twilio","to":"5562888888888","status":"skipped","metadata":{"event":"password_reset","userId":22,"email":"bruno@example.com","link":"https://meu-sistema-nps.vercel.app/perfil"},"error":"WhatsApp desabilitado por configuração."}
{"at":"2026-05-13T16:52:14.953Z","event":"user_welcome","provider":"twilio","to":"5562999999999","status":"skipped","metadata":{"event":"user_welcome","userId":77,"email":"maria@example.com"},"error":"WhatsApp desabilitado por configuração."}
{"at":"2026-05-13T16:52:16.362Z","event":"manual_send","provider":"twilio","to":"5562999669966","status":"skipped","metadata":{"event":"manual_send","to":"5562999669966","message":"Teste manual de WhatsApp","userId":1,"verifyFinalStatus":true},"providerMessageId":null,"error":"Configuracao Twilio ausente: TWILIO_ACCOUNT_SID, TWILIO_AUTH_TOKEN, TWILIO_TEMPLATE_GENERIC_SID.","response":null}
{"at":"2026-05-13T16:52:16.413Z","event":"manual_test","provider":"twilio","to":"5562999669966","status":"skipped","metadata":{"event":"manual_test","to":"5562999669966","message":"Envio de mensagem teste","userId":1,"verifyFinalStatus":true},"error":"WhatsApp desabilitado por configuração."}
{"at":"2026-05-13T16:52:17.277Z","event":"password_reset","provider":"twilio","to":"5562999999999","status":"skipped","metadata":{"event":"password_reset","userId":21,"email":"ana@example.com","link":"https://meu-sistema-nps.vercel.app/perfil"},"error":"WhatsApp desabilitado por configuração."}
{"at":"2026-05-13T16:52:17.694Z","event":"password_reset","provider":"twilio","to":"5562888888888","status":"skipped","metadata":{"event":"password_reset","userId":22,"email":"bruno@example.com","link":"https://meu-sistema-nps.vercel.app/perfil"},"error":"WhatsApp desabilitado por configuração."}
{"at":"2026-05-13T16:54:21.431Z","event":"user_welcome","provider":"twilio","to":"5562999999999","status":"skipped","metadata":{"event":"user_welcome","userId":77,"email":"maria@example.com"},"error":"WhatsApp desabilitado por configuração."}
{"at":"2026-05-13T16:54:22.277Z","event":"manual_send","provider":"twilio","to":"5562999669966","status":"skipped","metadata":{"event":"manual_send","to":"5562999669966","message":"Teste manual de WhatsApp","userId":1,"verifyFinalStatus":true},"providerMessageId":null,"error":"Configuracao Twilio ausente: TWILIO_ACCOUNT_SID, TWILIO_AUTH_TOKEN, TWILIO_TEMPLATE_GENERIC_SID.","response":null}
{"at":"2026-05-13T16:54:22.290Z","event":"manual_test","provider":"twilio","to":"5562999669966","status":"skipped","metadata":{"event":"manual_test","to":"5562999669966","message":"Envio de mensagem teste","userId":1,"verifyFinalStatus":true},"error":"WhatsApp desabilitado por configuração."}
{"at":"2026-05-13T16:54:22.435Z","event":"password_reset","provider":"twilio","to":"5562999999999","status":"skipped","metadata":{"event":"password_reset","userId":21,"email":"ana@example.com","link":"https://meu-sistema-nps.vercel.app/perfil"},"error":"WhatsApp desabilitado por configuração."}
{"at":"2026-05-13T16:54:22.573Z","event":"password_reset","provider":"twilio","to":"5562888888888","status":"skipped","metadata":{"event":"password_reset","userId":22,"email":"bruno@example.com","link":"https://meu-sistema-nps.vercel.app/perfil"},"error":"WhatsApp desabilitado por configuração."}
{"at":"2026-05-13T17:12:14.744Z","event":"user_welcome","provider":"twilio","to":"5562999999999","status":"skipped","metadata":{"event":"user_welcome","userId":77,"email":"maria@example.com"},"error":"WhatsApp desabilitado por configuração."}
{"at":"2026-05-13T17:12:17.421Z","event":"manual_send","provider":"twilio","to":"5562999669966","status":"skipped","metadata":{"event":"manual_send","to":"5562999669966","message":"Teste manual de WhatsApp","userId":1,"verifyFinalStatus":true},"providerMessageId":null,"error":"Configuracao Twilio ausente: TWILIO_ACCOUNT_SID, TWILIO_AUTH_TOKEN, TWILIO_TEMPLATE_GENERIC_SID.","response":null}
{"at":"2026-05-13T17:12:17.460Z","event":"manual_test","provider":"twilio","to":"5562999669966","status":"skipped","metadata":{"event":"manual_test","to":"5562999669966","message":"Envio de mensagem teste","userId":1,"verifyFinalStatus":true},"error":"WhatsApp desabilitado por configuração."}
{"at":"2026-05-13T17:12:18.536Z","event":"password_reset","provider":"twilio","to":"5562999999999","status":"skipped","metadata":{"event":"password_reset","userId":21,"email":"ana@example.com","link":"https://meu-sistema-nps.vercel.app/perfil"},"error":"WhatsApp desabilitado por configuração."}
{"at":"2026-05-13T17:12:19.147Z","event":"password_reset","provider":"twilio","to":"5562888888888","status":"skipped","metadata":{"event":"password_reset","userId":22,"email":"bruno@example.com","link":"https://meu-sistema-nps.vercel.app/perfil"},"error":"WhatsApp desabilitado por configuração."}
{"at":"2026-05-15T14:51:22.276Z","event":"user_welcome","provider":"twilio","to":"5562999999999","status":"skipped","metadata":{"event":"user_welcome","userId":77,"email":"maria@example.com"},"error":"WhatsApp desabilitado por configuração."}
{"at":"2026-05-15T14:51:23.140Z","event":"manual_send","provider":"twilio","to":"5562999669966","status":"skipped","metadata":{"event":"manual_send","to":"5562999669966","message":"Teste manual de WhatsApp","userId":1,"verifyFinalStatus":true},"providerMessageId":null,"error":"Configuracao Twilio ausente: TWILIO_ACCOUNT_SID, TWILIO_AUTH_TOKEN, TWILIO_TEMPLATE_GENERIC_SID.","response":null}
{"at":"2026-05-15T14:51:23.162Z","event":"manual_test","provider":"twilio","to":"5562999669966","status":"skipped","metadata":{"event":"manual_test","to":"5562999669966","message":"Envio de mensagem teste","userId":1,"verifyFinalStatus":true},"error":"WhatsApp desabilitado por configuração."}
{"at":"2026-05-15T14:51:23.398Z","event":"password_reset","provider":"twilio","to":"5562999999999","status":"skipped","metadata":{"event":"password_reset","userId":21,"email":"ana@example.com","link":"https://meu-sistema-nps.vercel.app/perfil"},"error":"WhatsApp desabilitado por configuração."}
{"at":"2026-05-15T14:51:23.627Z","event":"password_reset","provider":"twilio","to":"5562888888888","status":"skipped","metadata":{"event":"password_reset","userId":22,"email":"bruno@example.com","link":"https://meu-sistema-nps.vercel.app/perfil"},"error":"WhatsApp desabilitado por configuração."}
{"at":"2026-05-15T14:52:20.307Z","event":"user_welcome","provider":"twilio","to":"5562999999999","status":"skipped","metadata":{"event":"user_welcome","userId":77,"email":"maria@example.com"},"error":"WhatsApp desabilitado por configuração."}
{"at":"2026-05-15T14:52:21.049Z","event":"manual_send","provider":"twilio","to":"5562999669966","status":"skipped","metadata":{"event":"manual_send","to":"5562999669966","message":"Teste manual de WhatsApp","userId":1,"verifyFinalStatus":true},"providerMessageId":null,"error":"Configuracao Twilio ausente: TWILIO_ACCOUNT_SID, TWILIO_AUTH_TOKEN, TWILIO_TEMPLATE_GENERIC_SID.","response":null}
{"at":"2026-05-15T14:52:21.063Z","event":"manual_test","provider":"twilio","to":"5562999669966","status":"skipped","metadata":{"event":"manual_test","to":"5562999669966","message":"Envio de mensagem teste","userId":1,"verifyFinalStatus":true},"error":"WhatsApp desabilitado por configuração."}
{"at":"2026-05-15T14:52:21.230Z","event":"password_reset","provider":"twilio","to":"5562999999999","status":"skipped","metadata":{"event":"password_reset","userId":21,"email":"ana@example.com","link":"https://meu-sistema-nps.vercel.app/perfil"},"error":"WhatsApp desabilitado por configuração."}
{"at":"2026-05-15T14:52:21.442Z","event":"password_reset","provider":"twilio","to":"5562888888888","status":"skipped","metadata":{"event":"password_reset","userId":22,"email":"bruno@example.com","link":"https://meu-sistema-nps.vercel.app/perfil"},"error":"WhatsApp desabilitado por configuração."}
{"at":"2026-05-15T16:27:31.552Z","event":"user_welcome","provider":"twilio","to":"5562999999999","status":"skipped","metadata":{"event":"user_welcome","userId":77,"email":"maria@example.com"},"error":"WhatsApp desabilitado por configuração."}
{"at":"2026-05-15T16:27:32.956Z","event":"manual_send","provider":"twilio","to":"5562999669966","status":"skipped","metadata":{"event":"manual_send","to":"5562999669966","message":"Teste manual de WhatsApp","userId":1,"verifyFinalStatus":true},"providerMessageId":null,"error":"Configuracao Twilio ausente: TWILIO_ACCOUNT_SID, TWILIO_AUTH_TOKEN, TWILIO_TEMPLATE_GENERIC_SID.","response":null}
{"at":"2026-05-15T16:27:33.012Z","event":"manual_test","provider":"twilio","to":"5562999669966","status":"skipped","metadata":{"event":"manual_test","to":"5562999669966","message":"Envio de mensagem teste","userId":1,"verifyFinalStatus":true},"error":"WhatsApp desabilitado por configuração."}
{"at":"2026-05-15T16:27:33.384Z","event":"password_reset","provider":"twilio","to":"5562999999999","status":"skipped","metadata":{"event":"password_reset","userId":21,"email":"ana@example.com","link":"https://meu-sistema-nps.vercel.app/perfil"},"error":"WhatsApp desabilitado por configuração."}
{"at":"2026-05-15T16:27:33.912Z","event":"password_reset","provider":"twilio","to":"5562888888888","status":"skipped","metadata":{"event":"password_reset","userId":22,"email":"bruno@example.com","link":"https://meu-sistema-nps.vercel.app/perfil"},"error":"WhatsApp desabilitado por configuração."}
{"at":"2026-05-15T16:29:24.041Z","event":"user_welcome","provider":"twilio","to":"5562999999999","status":"skipped","metadata":{"event":"user_welcome","userId":77,"email":"maria@example.com"},"error":"WhatsApp desabilitado por configuração."}
{"at":"2026-05-15T16:29:25.398Z","event":"manual_send","provider":"twilio","to":"5562999669966","status":"skipped","metadata":{"event":"manual_send","to":"5562999669966","message":"Teste manual de WhatsApp","userId":1,"verifyFinalStatus":true},"providerMessageId":null,"error":"Configuracao Twilio ausente: TWILIO_ACCOUNT_SID, TWILIO_AUTH_TOKEN, TWILIO_TEMPLATE_GENERIC_SID.","response":null}
{"at":"2026-05-15T16:29:25.453Z","event":"manual_test","provider":"twilio","to":"5562999669966","status":"skipped","metadata":{"event":"manual_test","to":"5562999669966","message":"Envio de mensagem teste","userId":1,"verifyFinalStatus":true},"error":"WhatsApp desabilitado por configuração."}
{"at":"2026-05-15T16:29:25.885Z","event":"password_reset","provider":"twilio","to":"5562999999999","status":"skipped","metadata":{"event":"password_reset","userId":21,"email":"ana@example.com","link":"https://meu-sistema-nps.vercel.app/perfil"},"error":"WhatsApp desabilitado por configuração."}
{"at":"2026-05-15T16:29:26.494Z","event":"password_reset","provider":"twilio","to":"5562888888888","status":"skipped","metadata":{"event":"password_reset","userId":22,"email":"bruno@example.com","link":"https://meu-sistema-nps.vercel.app/perfil"},"error":"WhatsApp desabilitado por configuração."}
{"at":"2026-05-15T17:52:51.769Z","event":"user_welcome","provider":"twilio","to":"5562999999999","status":"skipped","metadata":{"event":"user_welcome","userId":77,"email":"maria@example.com"},"error":"WhatsApp desabilitado por configuração."}
{"at":"2026-05-15T17:52:52.401Z","event":"manual_send","provider":"twilio","to":"5562999669966","status":"skipped","metadata":{"event":"manual_send","to":"5562999669966","message":"Teste manual de WhatsApp","userId":1,"verifyFinalStatus":true},"providerMessageId":null,"error":"Configuracao Twilio ausente: TWILIO_ACCOUNT_SID, TWILIO_AUTH_TOKEN, TWILIO_TEMPLATE_GENERIC_SID.","response":null}
{"at":"2026-05-15T17:52:52.410Z","event":"manual_test","provider":"twilio","to":"5562999669966","status":"skipped","metadata":{"event":"manual_test","to":"5562999669966","message":"Envio de mensagem teste","userId":1,"verifyFinalStatus":true},"error":"WhatsApp desabilitado por configuração."}
{"at":"2026-05-15T17:52:52.538Z","event":"password_reset","provider":"twilio","to":"5562999999999","status":"skipped","metadata":{"event":"password_reset","userId":21,"email":"ana@example.com","link":"https://meu-sistema-nps.vercel.app/perfil"},"error":"WhatsApp desabilitado por configuração."}
{"at":"2026-05-15T17:52:52.681Z","event":"password_reset","provider":"twilio","to":"5562888888888","status":"skipped","metadata":{"event":"password_reset","userId":22,"email":"bruno@example.com","link":"https://meu-sistema-nps.vercel.app/perfil"},"error":"WhatsApp desabilitado por configuração."}
{"at":"2026-05-15T17:53:23.484Z","event":"user_welcome","provider":"twilio","to":"5562999999999","status":"skipped","metadata":{"event":"user_welcome","userId":77,"email":"maria@example.com"},"error":"WhatsApp desabilitado por configuração."}
{"at":"2026-05-15T17:53:26.992Z","event":"manual_send","provider":"twilio","to":"5562999669966","status":"skipped","metadata":{"event":"manual_send","to":"5562999669966","message":"Teste manual de WhatsApp","userId":1,"verifyFinalStatus":true},"providerMessageId":null,"error":"Configuracao Twilio ausente: TWILIO_ACCOUNT_SID, TWILIO_AUTH_TOKEN, TWILIO_TEMPLATE_GENERIC_SID.","response":null}
{"at":"2026-05-15T17:53:27.064Z","event":"manual_test","provider":"twilio","to":"5562999669966","status":"skipped","metadata":{"event":"manual_test","to":"5562999669966","message":"Envio de mensagem teste","userId":1,"verifyFinalStatus":true},"error":"WhatsApp desabilitado por configuração."}
{"at":"2026-05-15T17:53:27.531Z","event":"password_reset","provider":"twilio","to":"5562999999999","status":"skipped","metadata":{"event":"password_reset","userId":21,"email":"ana@example.com","link":"https://meu-sistema-nps.vercel.app/perfil"},"error":"WhatsApp desabilitado por configuração."}
{"at":"2026-05-15T17:53:27.952Z","event":"password_reset","provider":"twilio","to":"5562888888888","status":"skipped","metadata":{"event":"password_reset","userId":22,"email":"bruno@example.com","link":"https://meu-sistema-nps.vercel.app/perfil"},"error":"WhatsApp desabilitado por configuração."}
{"at":"2026-05-15T18:04:33.020Z","event":"user_welcome","provider":"twilio","to":"5562999999999","status":"skipped","metadata":{"event":"user_welcome","userId":77,"email":"maria@example.com"},"error":"WhatsApp desabilitado por configuração."}
{"at":"2026-05-15T18:04:34.399Z","event":"manual_send","provider":"twilio","to":"5562999669966","status":"skipped","metadata":{"event":"manual_send","to":"5562999669966","message":"Teste manual de WhatsApp","userId":1,"verifyFinalStatus":true},"providerMessageId":null,"error":"Configuracao Twilio ausente: TWILIO_ACCOUNT_SID, TWILIO_AUTH_TOKEN, TWILIO_TEMPLATE_GENERIC_SID.","response":null}
{"at":"2026-05-15T18:04:34.460Z","event":"manual_test","provider":"twilio","to":"5562999669966","status":"skipped","metadata":{"event":"manual_test","to":"5562999669966","message":"Envio de mensagem teste","userId":1,"verifyFinalStatus":true},"error":"WhatsApp desabilitado por configuração."}
{"at":"2026-05-15T18:04:34.843Z","event":"password_reset","provider":"twilio","to":"5562999999999","status":"skipped","metadata":{"event":"password_reset","userId":21,"email":"ana@example.com","link":"https://meu-sistema-nps.vercel.app/perfil"},"error":"WhatsApp desabilitado por configuração."}
{"at":"2026-05-15T18:04:35.161Z","event":"password_reset","provider":"twilio","to":"5562888888888","status":"skipped","metadata":{"event":"password_reset","userId":22,"email":"bruno@example.com","link":"https://meu-sistema-nps.vercel.app/perfil"},"error":"WhatsApp desabilitado por configuração."}
{"at":"2026-05-15T18:14:49.270Z","event":"user_welcome","provider":"twilio","to":"5562999999999","status":"skipped","metadata":{"event":"user_welcome","userId":77,"email":"maria@example.com"},"error":"WhatsApp desabilitado por configuração."}
{"at":"2026-05-15T18:14:51.330Z","event":"manual_send","provider":"twilio","to":"5562999669966","status":"skipped","metadata":{"event":"manual_send","to":"5562999669966","message":"Teste manual de WhatsApp","userId":1,"verifyFinalStatus":true},"providerMessageId":null,"error":"Configuracao Twilio ausente: TWILIO_ACCOUNT_SID, TWILIO_AUTH_TOKEN, TWILIO_TEMPLATE_GENERIC_SID.","response":null}
{"at":"2026-05-15T18:14:51.359Z","event":"manual_test","provider":"twilio","to":"5562999669966","status":"skipped","metadata":{"event":"manual_test","to":"5562999669966","message":"Envio de mensagem teste","userId":1,"verifyFinalStatus":true},"error":"WhatsApp desabilitado por configuração."}
{"at":"2026-05-15T18:14:51.814Z","event":"password_reset","provider":"twilio","to":"5562999999999","status":"skipped","metadata":{"event":"password_reset","userId":21,"email":"ana@example.com","link":"https://meu-sistema-nps.vercel.app/perfil"},"error":"WhatsApp desabilitado por configuração."}
{"at":"2026-05-15T18:14:52.140Z","event":"password_reset","provider":"twilio","to":"5562888888888","status":"skipped","metadata":{"event":"password_reset","userId":22,"email":"bruno@example.com","link":"https://meu-sistema-nps.vercel.app/perfil"},"error":"WhatsApp desabilitado por configuração."}
{"at":"2026-05-15T18:34:39.945Z","event":"user_welcome","provider":"twilio","to":"5562999999999","status":"skipped","metadata":{"event":"user_welcome","userId":77,"email":"maria@example.com"},"error":"WhatsApp desabilitado por configuração."}
{"at":"2026-05-15T18:34:42.112Z","event":"manual_send","provider":"twilio","to":"5562999669966","status":"skipped","metadata":{"event":"manual_send","to":"5562999669966","message":"Teste manual de WhatsApp","userId":1,"verifyFinalStatus":true},"providerMessageId":null,"error":"Configuracao Twilio ausente: TWILIO_ACCOUNT_SID, TWILIO_AUTH_TOKEN, TWILIO_TEMPLATE_GENERIC_SID.","response":null}
{"at":"2026-05-15T18:34:42.155Z","event":"manual_test","provider":"twilio","to":"5562999669966","status":"skipped","metadata":{"event":"manual_test","to":"5562999669966","message":"Envio de mensagem teste","userId":1,"verifyFinalStatus":true},"error":"WhatsApp desabilitado por configuração."}
{"at":"2026-05-15T18:34:42.640Z","event":"password_reset","provider":"twilio","to":"5562999999999","status":"skipped","metadata":{"event":"password_reset","userId":21,"email":"ana@example.com","link":"https://meu-sistema-nps.vercel.app/perfil"},"error":"WhatsApp desabilitado por configuração."}
{"at":"2026-05-15T18:34:42.946Z","event":"password_reset","provider":"twilio","to":"5562888888888","status":"skipped","metadata":{"event":"password_reset","userId":22,"email":"bruno@example.com","link":"https://meu-sistema-nps.vercel.app/perfil"},"error":"WhatsApp desabilitado por configuração."}
{"at":"2026-05-15T18:36:04.404Z","event":"user_welcome","provider":"twilio","to":"5562999999999","status":"skipped","metadata":{"event":"user_welcome","userId":77,"email":"maria@example.com"},"error":"WhatsApp desabilitado por configuração."}
{"at":"2026-05-15T18:36:08.549Z","event":"manual_send","provider":"twilio","to":"5562999669966","status":"skipped","metadata":{"event":"manual_send","to":"5562999669966","message":"Teste manual de WhatsApp","userId":1,"verifyFinalStatus":true},"providerMessageId":null,"error":"Configuracao Twilio ausente: TWILIO_ACCOUNT_SID, TWILIO_AUTH_TOKEN, TWILIO_TEMPLATE_GENERIC_SID.","response":null}
{"at":"2026-05-15T18:36:08.645Z","event":"manual_test","provider":"twilio","to":"5562999669966","status":"skipped","metadata":{"event":"manual_test","to":"5562999669966","message":"Envio de mensagem teste","userId":1,"verifyFinalStatus":true},"error":"WhatsApp desabilitado por configuração."}
{"at":"2026-05-15T18:36:09.396Z","event":"password_reset","provider":"twilio","to":"5562999999999","status":"skipped","metadata":{"event":"password_reset","userId":21,"email":"ana@example.com","link":"https://meu-sistema-nps.vercel.app/perfil"},"error":"WhatsApp desabilitado por configuração."}
{"at":"2026-05-15T18:36:09.938Z","event":"password_reset","provider":"twilio","to":"5562888888888","status":"skipped","metadata":{"event":"password_reset","userId":22,"email":"bruno@example.com","link":"https://meu-sistema-nps.vercel.app/perfil"},"error":"WhatsApp desabilitado por configuração."}
{"at":"2026-05-18T14:55:01.656Z","event":"user_welcome","provider":"twilio","to":"5562999999999","status":"skipped","metadata":{"event":"user_welcome","userId":77,"email":"maria@example.com"},"error":"WhatsApp desabilitado por configuração."}
{"at":"2026-05-18T14:55:02.139Z","event":"manual_send","provider":"twilio","to":"5562999669966","status":"skipped","metadata":{"event":"manual_send","to":"5562999669966","message":"Teste manual de WhatsApp","userId":1,"verifyFinalStatus":true},"providerMessageId":null,"error":"Configuracao Twilio ausente: TWILIO_ACCOUNT_SID, TWILIO_AUTH_TOKEN, TWILIO_TEMPLATE_GENERIC_SID.","response":null}
{"at":"2026-05-18T14:55:02.146Z","event":"manual_test","provider":"twilio","to":"5562999669966","status":"skipped","metadata":{"event":"manual_test","to":"5562999669966","message":"Envio de mensagem teste","userId":1,"verifyFinalStatus":true},"error":"WhatsApp desabilitado por configuração."}
{"at":"2026-05-18T14:55:02.302Z","event":"password_reset","provider":"twilio","to":"5562999999999","status":"skipped","metadata":{"event":"password_reset","userId":21,"email":"ana@example.com","link":"https://meu-sistema-nps.vercel.app/perfil"},"error":"WhatsApp desabilitado por configuração."}
{"at":"2026-05-18T14:55:02.385Z","event":"password_reset","provider":"twilio","to":"5562888888888","status":"skipped","metadata":{"event":"password_reset","userId":22,"email":"bruno@example.com","link":"https://meu-sistema-nps.vercel.app/perfil"},"error":"WhatsApp desabilitado por configuração."}
{"at":"2026-05-18T14:56:40.416Z","event":"user_welcome","provider":"twilio","to":"5562999999999","status":"skipped","metadata":{"event":"user_welcome","userId":77,"email":"maria@example.com"},"error":"WhatsApp desabilitado por configuração."}
{"at":"2026-05-18T14:56:40.925Z","event":"manual_send","provider":"twilio","to":"5562999669966","status":"skipped","metadata":{"event":"manual_send","to":"5562999669966","message":"Teste manual de WhatsApp","userId":1,"verifyFinalStatus":true},"providerMessageId":null,"error":"Configuracao Twilio ausente: TWILIO_ACCOUNT_SID, TWILIO_AUTH_TOKEN, TWILIO_TEMPLATE_GENERIC_SID.","response":null}
{"at":"2026-05-18T14:56:40.936Z","event":"manual_test","provider":"twilio","to":"5562999669966","status":"skipped","metadata":{"event":"manual_test","to":"5562999669966","message":"Envio de mensagem teste","userId":1,"verifyFinalStatus":true},"error":"WhatsApp desabilitado por configuração."}
{"at":"2026-05-18T14:56:41.035Z","event":"password_reset","provider":"twilio","to":"5562999999999","status":"skipped","metadata":{"event":"password_reset","userId":21,"email":"ana@example.com","link":"https://meu-sistema-nps.vercel.app/perfil"},"error":"WhatsApp desabilitado por configuração."}
{"at":"2026-05-18T14:56:41.119Z","event":"password_reset","provider":"twilio","to":"5562888888888","status":"skipped","metadata":{"event":"password_reset","userId":22,"email":"bruno@example.com","link":"https://meu-sistema-nps.vercel.app/perfil"},"error":"WhatsApp desabilitado por configuração."}
{"at":"2026-05-18T15:27:11.390Z","event":"user_welcome","provider":"twilio","to":"5562999999999","status":"skipped","metadata":{"event":"user_welcome","userId":77,"email":"maria@example.com"},"error":"WhatsApp desabilitado por configuração."}
{"at":"2026-05-18T15:27:11.997Z","event":"manual_send","provider":"twilio","to":"5562999669966","status":"skipped","metadata":{"event":"manual_send","to":"5562999669966","message":"Teste manual de WhatsApp","userId":1,"verifyFinalStatus":true},"providerMessageId":null,"error":"Configuracao Twilio ausente: TWILIO_ACCOUNT_SID, TWILIO_AUTH_TOKEN, TWILIO_TEMPLATE_GENERIC_SID.","response":null}
{"at":"2026-05-18T15:27:12.006Z","event":"manual_test","provider":"twilio","to":"5562999669966","status":"skipped","metadata":{"event":"manual_test","to":"5562999669966","message":"Envio de mensagem teste","userId":1,"verifyFinalStatus":true},"error":"WhatsApp desabilitado por configuração."}
{"at":"2026-05-18T15:27:12.099Z","event":"password_reset","provider":"twilio","to":"5562999999999","status":"skipped","metadata":{"event":"password_reset","userId":21,"email":"ana@example.com","link":"https://meu-sistema-nps.vercel.app/perfil"},"error":"WhatsApp desabilitado por configuração."}
{"at":"2026-05-18T15:27:12.192Z","event":"password_reset","provider":"twilio","to":"5562888888888","status":"skipped","metadata":{"event":"password_reset","userId":22,"email":"bruno@example.com","link":"https://meu-sistema-nps.vercel.app/perfil"},"error":"WhatsApp desabilitado por configuração."}
{"at":"2026-05-18T15:59:23.385Z","event":"user_welcome","provider":"twilio","to":"5562999999999","status":"skipped","metadata":{"event":"user_welcome","userId":77,"email":"maria@example.com"},"error":"WhatsApp desabilitado por configuração."}
{"at":"2026-05-18T15:59:23.904Z","event":"manual_send","provider":"twilio","to":"5562999669966","status":"skipped","metadata":{"event":"manual_send","to":"5562999669966","message":"Teste manual de WhatsApp","userId":1,"verifyFinalStatus":true},"providerMessageId":null,"error":"Configuracao Twilio ausente: TWILIO_ACCOUNT_SID, TWILIO_AUTH_TOKEN, TWILIO_TEMPLATE_GENERIC_SID.","response":null}
{"at":"2026-05-18T15:59:23.914Z","event":"manual_test","provider":"twilio","to":"5562999669966","status":"skipped","metadata":{"event":"manual_test","to":"5562999669966","message":"Envio de mensagem teste","userId":1,"verifyFinalStatus":true},"error":"WhatsApp desabilitado por configuração."}
{"at":"2026-05-18T15:59:24.009Z","event":"password_reset","provider":"twilio","to":"5562999999999","status":"skipped","metadata":{"event":"password_reset","userId":21,"email":"ana@example.com","link":"https://meu-sistema-nps.vercel.app/perfil"},"error":"WhatsApp desabilitado por configuração."}
{"at":"2026-05-18T15:59:24.095Z","event":"password_reset","provider":"twilio","to":"5562888888888","status":"skipped","metadata":{"event":"password_reset","userId":22,"email":"bruno@example.com","link":"https://meu-sistema-nps.vercel.app/perfil"},"error":"WhatsApp desabilitado por configuração."}
{"at":"2026-05-18T16:10:23.384Z","event":"user_welcome","provider":"twilio","to":"5562999999999","status":"skipped","metadata":{"event":"user_welcome","userId":77,"email":"maria@example.com"},"error":"WhatsApp desabilitado por configuração."}
{"at":"2026-05-18T16:10:23.950Z","event":"manual_send","provider":"twilio","to":"5562999669966","status":"skipped","metadata":{"event":"manual_send","to":"5562999669966","message":"Teste manual de WhatsApp","userId":1,"verifyFinalStatus":true},"providerMessageId":null,"error":"Configuracao Twilio ausente: TWILIO_ACCOUNT_SID, TWILIO_AUTH_TOKEN, TWILIO_TEMPLATE_GENERIC_SID.","response":null}
{"at":"2026-05-18T16:10:23.971Z","event":"manual_test","provider":"twilio","to":"5562999669966","status":"skipped","metadata":{"event":"manual_test","to":"5562999669966","message":"Envio de mensagem teste","userId":1,"verifyFinalStatus":true},"error":"WhatsApp desabilitado por configuração."}
{"at":"2026-05-18T16:10:24.066Z","event":"password_reset","provider":"twilio","to":"5562999999999","status":"skipped","metadata":{"event":"password_reset","userId":21,"email":"ana@example.com","link":"https://meu-sistema-nps.vercel.app/perfil"},"error":"WhatsApp desabilitado por configuração."}
{"at":"2026-05-18T16:10:24.187Z","event":"password_reset","provider":"twilio","to":"5562888888888","status":"skipped","metadata":{"event":"password_reset","userId":22,"email":"bruno@example.com","link":"https://meu-sistema-nps.vercel.app/perfil"},"error":"WhatsApp desabilitado por configuração."}
{"at":"2026-05-18T16:13:07.513Z","event":"user_welcome","provider":"twilio","to":"5562999999999","status":"skipped","metadata":{"event":"user_welcome","userId":77,"email":"maria@example.com"},"error":"WhatsApp desabilitado por configuração."}
{"at":"2026-05-18T16:13:08.264Z","event":"manual_send","provider":"twilio","to":"5562999669966","status":"skipped","metadata":{"event":"manual_send","to":"5562999669966","message":"Teste manual de WhatsApp","userId":1,"verifyFinalStatus":true},"providerMessageId":null,"error":"Configuracao Twilio ausente: TWILIO_ACCOUNT_SID, TWILIO_AUTH_TOKEN, TWILIO_TEMPLATE_GENERIC_SID.","response":null}
{"at":"2026-05-18T16:13:08.275Z","event":"manual_test","provider":"twilio","to":"5562999669966","status":"skipped","metadata":{"event":"manual_test","to":"5562999669966","message":"Envio de mensagem teste","userId":1,"verifyFinalStatus":true},"error":"WhatsApp desabilitado por configuração."}
{"at":"2026-05-18T16:13:08.404Z","event":"password_reset","provider":"twilio","to":"5562999999999","status":"skipped","metadata":{"event":"password_reset","userId":21,"email":"ana@example.com","link":"https://meu-sistema-nps.vercel.app/perfil"},"error":"WhatsApp desabilitado por configuração."}
{"at":"2026-05-18T16:13:08.537Z","event":"password_reset","provider":"twilio","to":"5562888888888","status":"skipped","metadata":{"event":"password_reset","userId":22,"email":"bruno@example.com","link":"https://meu-sistema-nps.vercel.app/perfil"},"error":"WhatsApp desabilitado por configuração."}
{"at":"2026-05-18T16:32:23.303Z","event":"user_welcome","provider":"twilio","to":"5562999999999","status":"skipped","metadata":{"event":"user_welcome","userId":77,"email":"maria@example.com"},"error":"WhatsApp desabilitado por configuração."}
{"at":"2026-05-18T16:32:25.811Z","event":"manual_send","provider":"twilio","to":"5562999669966","status":"skipped","metadata":{"event":"manual_send","to":"5562999669966","message":"Teste manual de WhatsApp","userId":1,"verifyFinalStatus":true},"providerMessageId":null,"error":"Configuracao Twilio ausente: TWILIO_ACCOUNT_SID, TWILIO_AUTH_TOKEN, TWILIO_TEMPLATE_GENERIC_SID.","response":null}
{"at":"2026-05-18T16:32:25.888Z","event":"manual_test","provider":"twilio","to":"5562999669966","status":"skipped","metadata":{"event":"manual_test","to":"5562999669966","message":"Envio de mensagem teste","userId":1,"verifyFinalStatus":true},"error":"WhatsApp desabilitado por configuração."}
{"at":"2026-05-18T16:32:26.159Z","event":"password_reset","provider":"twilio","to":"5562999999999","status":"skipped","metadata":{"event":"password_reset","userId":21,"email":"ana@example.com","link":"https://meu-sistema-nps.vercel.app/perfil"},"error":"WhatsApp desabilitado por configuração."}
{"at":"2026-05-18T16:32:26.529Z","event":"password_reset","provider":"twilio","to":"5562888888888","status":"skipped","metadata":{"event":"password_reset","userId":22,"email":"bruno@example.com","link":"https://meu-sistema-nps.vercel.app/perfil"},"error":"WhatsApp desabilitado por configuração."}
{"at":"2026-05-18T16:42:39.388Z","event":"user_welcome","provider":"twilio","to":"5562999999999","status":"skipped","metadata":{"event":"user_welcome","userId":77,"email":"maria@example.com"},"error":"WhatsApp desabilitado por configuração."}
{"at":"2026-05-18T16:42:40.766Z","event":"manual_send","provider":"twilio","to":"5562999669966","status":"skipped","metadata":{"event":"manual_send","to":"5562999669966","message":"Teste manual de WhatsApp","userId":1,"verifyFinalStatus":true},"providerMessageId":null,"error":"Configuracao Twilio ausente: TWILIO_ACCOUNT_SID, TWILIO_AUTH_TOKEN, TWILIO_TEMPLATE_GENERIC_SID.","response":null}
{"at":"2026-05-18T16:42:40.871Z","event":"manual_test","provider":"twilio","to":"5562999669966","status":"skipped","metadata":{"event":"manual_test","to":"5562999669966","message":"Envio de mensagem teste","userId":1,"verifyFinalStatus":true},"error":"WhatsApp desabilitado por configuração."}
{"at":"2026-05-18T16:42:41.461Z","event":"password_reset","provider":"twilio","to":"5562999999999","status":"skipped","metadata":{"event":"password_reset","userId":21,"email":"ana@example.com","link":"https://meu-sistema-nps.vercel.app/perfil"},"error":"WhatsApp desabilitado por configuração."}
{"at":"2026-05-18T16:42:41.899Z","event":"password_reset","provider":"twilio","to":"5562888888888","status":"skipped","metadata":{"event":"password_reset","userId":22,"email":"bruno@example.com","link":"https://meu-sistema-nps.vercel.app/perfil"},"error":"WhatsApp desabilitado por configuração."}
{"at":"2026-05-18T16:45:12.651Z","event":"user_welcome","provider":"twilio","to":"5562999999999","status":"skipped","metadata":{"event":"user_welcome","userId":77,"email":"maria@example.com"},"error":"WhatsApp desabilitado por configuração."}
{"at":"2026-05-18T16:45:14.477Z","event":"manual_send","provider":"twilio","to":"5562999669966","status":"skipped","metadata":{"event":"manual_send","to":"5562999669966","message":"Teste manual de WhatsApp","userId":1,"verifyFinalStatus":true},"providerMessageId":null,"error":"Configuracao Twilio ausente: TWILIO_ACCOUNT_SID, TWILIO_AUTH_TOKEN, TWILIO_TEMPLATE_GENERIC_SID.","response":null}
{"at":"2026-05-18T16:45:14.509Z","event":"manual_test","provider":"twilio","to":"5562999669966","status":"skipped","metadata":{"event":"manual_test","to":"5562999669966","message":"Envio de mensagem teste","userId":1,"verifyFinalStatus":true},"error":"WhatsApp desabilitado por configuração."}
{"at":"2026-05-18T16:45:15.021Z","event":"password_reset","provider":"twilio","to":"5562999999999","status":"skipped","metadata":{"event":"password_reset","userId":21,"email":"ana@example.com","link":"https://meu-sistema-nps.vercel.app/perfil"},"error":"WhatsApp desabilitado por configuração."}
{"at":"2026-05-18T16:45:15.431Z","event":"password_reset","provider":"twilio","to":"5562888888888","status":"skipped","metadata":{"event":"password_reset","userId":22,"email":"bruno@example.com","link":"https://meu-sistema-nps.vercel.app/perfil"},"error":"WhatsApp desabilitado por configuração."}
{"at":"2026-05-18T16:58:34.232Z","event":"user_welcome","provider":"twilio","to":"5562999999999","status":"skipped","metadata":{"event":"user_welcome","userId":77,"email":"maria@example.com"},"error":"WhatsApp desabilitado por configuração."}
{"at":"2026-05-18T16:58:34.741Z","event":"manual_send","provider":"twilio","to":"5562999669966","status":"skipped","metadata":{"event":"manual_send","to":"5562999669966","message":"Teste manual de WhatsApp","userId":1,"verifyFinalStatus":true},"providerMessageId":null,"error":"Configuracao Twilio ausente: TWILIO_ACCOUNT_SID, TWILIO_AUTH_TOKEN, TWILIO_TEMPLATE_GENERIC_SID.","response":null}
{"at":"2026-05-18T16:58:34.749Z","event":"manual_test","provider":"twilio","to":"5562999669966","status":"skipped","metadata":{"event":"manual_test","to":"5562999669966","message":"Envio de mensagem teste","userId":1,"verifyFinalStatus":true},"error":"WhatsApp desabilitado por configuração."}
{"at":"2026-05-18T16:58:34.842Z","event":"password_reset","provider":"twilio","to":"5562999999999","status":"skipped","metadata":{"event":"password_reset","userId":21,"email":"ana@example.com","link":"https://meu-sistema-nps.vercel.app/perfil"},"error":"WhatsApp desabilitado por configuração."}
{"at":"2026-05-18T16:58:34.930Z","event":"password_reset","provider":"twilio","to":"5562888888888","status":"skipped","metadata":{"event":"password_reset","userId":22,"email":"bruno@example.com","link":"https://meu-sistema-nps.vercel.app/perfil"},"error":"WhatsApp desabilitado por configuração."}
{"at":"2026-05-18T17:01:28.172Z","event":"user_welcome","provider":"twilio","to":"5562999999999","status":"skipped","metadata":{"event":"user_welcome","userId":77,"email":"maria@example.com"},"error":"WhatsApp desabilitado por configuração."}
{"at":"2026-05-18T17:01:28.806Z","event":"manual_send","provider":"twilio","to":"5562999669966","status":"skipped","metadata":{"event":"manual_send","to":"5562999669966","message":"Teste manual de WhatsApp","userId":1,"verifyFinalStatus":true},"providerMessageId":null,"error":"Configuracao Twilio ausente: TWILIO_ACCOUNT_SID, TWILIO_AUTH_TOKEN, TWILIO_TEMPLATE_GENERIC_SID.","response":null}
{"at":"2026-05-18T17:01:28.815Z","event":"manual_test","provider":"twilio","to":"5562999669966","status":"skipped","metadata":{"event":"manual_test","to":"5562999669966","message":"Envio de mensagem teste","userId":1,"verifyFinalStatus":true},"error":"WhatsApp desabilitado por configuração."}
{"at":"2026-05-18T17:01:28.902Z","event":"password_reset","provider":"twilio","to":"5562999999999","status":"skipped","metadata":{"event":"password_reset","userId":21,"email":"ana@example.com","link":"https://meu-sistema-nps.vercel.app/perfil"},"error":"WhatsApp desabilitado por configuração."}
{"at":"2026-05-18T17:01:28.980Z","event":"password_reset","provider":"twilio","to":"5562888888888","status":"skipped","metadata":{"event":"password_reset","userId":22,"email":"bruno@example.com","link":"https://meu-sistema-nps.vercel.app/perfil"},"error":"WhatsApp desabilitado por configuração."}
{"at":"2026-05-18T17:04:49.267Z","event":"user_welcome","provider":"twilio","to":"5562999999999","status":"skipped","metadata":{"event":"user_welcome","userId":77,"email":"maria@example.com"},"error":"WhatsApp desabilitado por configuração."}
{"at":"2026-05-18T17:04:50.464Z","event":"manual_send","provider":"twilio","to":"5562999669966","status":"skipped","metadata":{"event":"manual_send","to":"5562999669966","message":"Teste manual de WhatsApp","userId":1,"verifyFinalStatus":true},"providerMessageId":null,"error":"Configuracao Twilio ausente: TWILIO_ACCOUNT_SID, TWILIO_AUTH_TOKEN, TWILIO_TEMPLATE_GENERIC_SID.","response":null}
{"at":"2026-05-18T17:04:50.511Z","event":"manual_test","provider":"twilio","to":"5562999669966","status":"skipped","metadata":{"event":"manual_test","to":"5562999669966","message":"Envio de mensagem teste","userId":1,"verifyFinalStatus":true},"error":"WhatsApp desabilitado por configuração."}
{"at":"2026-05-18T17:04:50.874Z","event":"password_reset","provider":"twilio","to":"5562999999999","status":"skipped","metadata":{"event":"password_reset","userId":21,"email":"ana@example.com","link":"https://meu-sistema-nps.vercel.app/perfil"},"error":"WhatsApp desabilitado por configuração."}
{"at":"2026-05-18T17:04:51.340Z","event":"password_reset","provider":"twilio","to":"5562888888888","status":"skipped","metadata":{"event":"password_reset","userId":22,"email":"bruno@example.com","link":"https://meu-sistema-nps.vercel.app/perfil"},"error":"WhatsApp desabilitado por configuração."}
{"at":"2026-05-18T17:09:39.176Z","event":"user_welcome","provider":"twilio","to":"5562999999999","status":"skipped","metadata":{"event":"user_welcome","userId":77,"email":"maria@example.com"},"error":"WhatsApp desabilitado por configuração."}
{"at":"2026-05-18T17:09:39.949Z","event":"manual_send","provider":"twilio","to":"5562999669966","status":"skipped","metadata":{"event":"manual_send","to":"5562999669966","message":"Teste manual de WhatsApp","userId":1,"verifyFinalStatus":true},"providerMessageId":null,"error":"Configuracao Twilio ausente: TWILIO_ACCOUNT_SID, TWILIO_AUTH_TOKEN, TWILIO_TEMPLATE_GENERIC_SID.","response":null}
{"at":"2026-05-18T17:09:39.958Z","event":"manual_test","provider":"twilio","to":"5562999669966","status":"skipped","metadata":{"event":"manual_test","to":"5562999669966","message":"Envio de mensagem teste","userId":1,"verifyFinalStatus":true},"error":"WhatsApp desabilitado por configuração."}
{"at":"2026-05-18T17:09:40.098Z","event":"password_reset","provider":"twilio","to":"5562999999999","status":"skipped","metadata":{"event":"password_reset","userId":21,"email":"ana@example.com","link":"https://meu-sistema-nps.vercel.app/perfil"},"error":"WhatsApp desabilitado por configuração."}
{"at":"2026-05-18T17:09:40.281Z","event":"password_reset","provider":"twilio","to":"5562888888888","status":"skipped","metadata":{"event":"password_reset","userId":22,"email":"bruno@example.com","link":"https://meu-sistema-nps.vercel.app/perfil"},"error":"WhatsApp desabilitado por configuração."}
{"at":"2026-05-18T17:10:04.548Z","event":"user_welcome","provider":"twilio","to":"5562999999999","status":"skipped","metadata":{"event":"user_welcome","userId":77,"email":"maria@example.com"},"error":"WhatsApp desabilitado por configuração."}
{"at":"2026-05-18T17:10:05.257Z","event":"manual_send","provider":"twilio","to":"5562999669966","status":"skipped","metadata":{"event":"manual_send","to":"5562999669966","message":"Teste manual de WhatsApp","userId":1,"verifyFinalStatus":true},"providerMessageId":null,"error":"Configuracao Twilio ausente: TWILIO_ACCOUNT_SID, TWILIO_AUTH_TOKEN, TWILIO_TEMPLATE_GENERIC_SID.","response":null}
{"at":"2026-05-18T17:10:05.270Z","event":"manual_test","provider":"twilio","to":"5562999669966","status":"skipped","metadata":{"event":"manual_test","to":"5562999669966","message":"Envio de mensagem teste","userId":1,"verifyFinalStatus":true},"error":"WhatsApp desabilitado por configuração."}
{"at":"2026-05-18T17:10:05.423Z","event":"password_reset","provider":"twilio","to":"5562999999999","status":"skipped","metadata":{"event":"password_reset","userId":21,"email":"ana@example.com","link":"https://meu-sistema-nps.vercel.app/perfil"},"error":"WhatsApp desabilitado por configuração."}
{"at":"2026-05-18T17:10:05.580Z","event":"password_reset","provider":"twilio","to":"5562888888888","status":"skipped","metadata":{"event":"password_reset","userId":22,"email":"bruno@example.com","link":"https://meu-sistema-nps.vercel.app/perfil"},"error":"WhatsApp desabilitado por configuração."}
{"at":"2026-05-18T19:36:57.667Z","event":"user_welcome","provider":"twilio","to":"5562999999999","status":"skipped","metadata":{"event":"user_welcome","userId":77,"email":"maria@example.com"},"error":"WhatsApp desabilitado por configuração."}
{"at":"2026-05-18T19:36:59.486Z","event":"manual_send","provider":"twilio","to":"5562999669966","status":"skipped","metadata":{"event":"manual_send","to":"5562999669966","message":"Teste manual de WhatsApp","userId":1,"verifyFinalStatus":true},"providerMessageId":null,"error":"Configuracao Twilio ausente: TWILIO_ACCOUNT_SID, TWILIO_AUTH_TOKEN, TWILIO_TEMPLATE_GENERIC_SID.","response":null}
{"at":"2026-05-18T19:36:59.522Z","event":"manual_test","provider":"twilio","to":"5562999669966","status":"skipped","metadata":{"event":"manual_test","to":"5562999669966","message":"Envio de mensagem teste","userId":1,"verifyFinalStatus":true},"error":"WhatsApp desabilitado por configuração."}
{"at":"2026-05-18T19:36:59.894Z","event":"password_reset","provider":"twilio","to":"5562999999999","status":"skipped","metadata":{"event":"password_reset","userId":21,"email":"ana@example.com","link":"https://meu-sistema-nps.vercel.app/perfil"},"error":"WhatsApp desabilitado por configuração."}
{"at":"2026-05-18T19:37:00.168Z","event":"password_reset","provider":"twilio","to":"5562888888888","status":"skipped","metadata":{"event":"password_reset","userId":22,"email":"bruno@example.com","link":"https://meu-sistema-nps.vercel.app/perfil"},"error":"WhatsApp desabilitado por configuração."}
{"at":"2026-05-18T21:00:21.114Z","event":"user_welcome","provider":"twilio","to":"5562999999999","status":"skipped","metadata":{"event":"user_welcome","userId":77,"email":"maria@example.com"},"error":"WhatsApp desabilitado por configuração."}
{"at":"2026-05-18T21:00:24.370Z","event":"manual_send","provider":"twilio","to":"5562999669966","status":"skipped","metadata":{"event":"manual_send","to":"5562999669966","message":"Teste manual de WhatsApp","userId":1,"verifyFinalStatus":true},"providerMessageId":null,"error":"Configuracao Twilio ausente: TWILIO_ACCOUNT_SID, TWILIO_AUTH_TOKEN, TWILIO_TEMPLATE_GENERIC_SID.","response":null}
{"at":"2026-05-18T21:00:24.411Z","event":"manual_test","provider":"twilio","to":"5562999669966","status":"skipped","metadata":{"event":"manual_test","to":"5562999669966","message":"Envio de mensagem teste","userId":1,"verifyFinalStatus":true},"error":"WhatsApp desabilitado por configuração."}
{"at":"2026-05-18T21:00:24.812Z","event":"password_reset","provider":"twilio","to":"5562999999999","status":"skipped","metadata":{"event":"password_reset","userId":21,"email":"ana@example.com","link":"https://meu-sistema-nps.vercel.app/perfil"},"error":"WhatsApp desabilitado por configuração."}
{"at":"2026-05-18T21:00:25.168Z","event":"password_reset","provider":"twilio","to":"5562888888888","status":"skipped","metadata":{"event":"password_reset","userId":22,"email":"bruno@example.com","link":"https://meu-sistema-nps.vercel.app/perfil"},"error":"WhatsApp desabilitado por configuração."}
{"at":"2026-05-18T21:02:58.866Z","event":"user_welcome","provider":"twilio","to":"5562999999999","status":"skipped","metadata":{"event":"user_welcome","userId":77,"email":"maria@example.com"},"error":"WhatsApp desabilitado por configuração."}
{"at":"2026-05-18T21:02:59.666Z","event":"manual_send","provider":"twilio","to":"5562999669966","status":"skipped","metadata":{"event":"manual_send","to":"5562999669966","message":"Teste manual de WhatsApp","userId":1,"verifyFinalStatus":true},"providerMessageId":null,"error":"Configuracao Twilio ausente: TWILIO_ACCOUNT_SID, TWILIO_AUTH_TOKEN, TWILIO_TEMPLATE_GENERIC_SID.","response":null}
{"at":"2026-05-18T21:02:59.680Z","event":"manual_test","provider":"twilio","to":"5562999669966","status":"skipped","metadata":{"event":"manual_test","to":"5562999669966","message":"Envio de mensagem teste","userId":1,"verifyFinalStatus":true},"error":"WhatsApp desabilitado por configuração."}
{"at":"2026-05-18T21:02:59.849Z","event":"password_reset","provider":"twilio","to":"5562999999999","status":"skipped","metadata":{"event":"password_reset","userId":21,"email":"ana@example.com","link":"https://meu-sistema-nps.vercel.app/perfil"},"error":"WhatsApp desabilitado por configuração."}
{"at":"2026-05-18T21:03:00.067Z","event":"password_reset","provider":"twilio","to":"5562888888888","status":"skipped","metadata":{"event":"password_reset","userId":22,"email":"bruno@example.com","link":"https://meu-sistema-nps.vercel.app/perfil"},"error":"WhatsApp desabilitado por configuração."}
{"at":"2026-05-18T21:06:02.619Z","event":"user_welcome","provider":"twilio","to":"5562999999999","status":"skipped","metadata":{"event":"user_welcome","userId":77,"email":"maria@example.com"},"error":"WhatsApp desabilitado por configuração."}
{"at":"2026-05-18T21:06:05.535Z","event":"manual_send","provider":"twilio","to":"5562999669966","status":"skipped","metadata":{"event":"manual_send","to":"5562999669966","message":"Teste manual de WhatsApp","userId":1,"verifyFinalStatus":true},"providerMessageId":null,"error":"Configuracao Twilio ausente: TWILIO_ACCOUNT_SID, TWILIO_AUTH_TOKEN, TWILIO_TEMPLATE_GENERIC_SID.","response":null}
{"at":"2026-05-18T21:06:05.566Z","event":"manual_test","provider":"twilio","to":"5562999669966","status":"skipped","metadata":{"event":"manual_test","to":"5562999669966","message":"Envio de mensagem teste","userId":1,"verifyFinalStatus":true},"error":"WhatsApp desabilitado por configuração."}
{"at":"2026-05-18T21:06:05.814Z","event":"password_reset","provider":"twilio","to":"5562999999999","status":"skipped","metadata":{"event":"password_reset","userId":21,"email":"ana@example.com","link":"https://meu-sistema-nps.vercel.app/perfil"},"error":"WhatsApp desabilitado por configuração."}
{"at":"2026-05-18T21:06:06.062Z","event":"password_reset","provider":"twilio","to":"5562888888888","status":"skipped","metadata":{"event":"password_reset","userId":22,"email":"bruno@example.com","link":"https://meu-sistema-nps.vercel.app/perfil"},"error":"WhatsApp desabilitado por configuração."}
{"at":"2026-05-18T21:16:59.212Z","event":"user_welcome","provider":"twilio","to":"5562999999999","status":"skipped","metadata":{"event":"user_welcome","userId":77,"email":"maria@example.com"},"error":"WhatsApp desabilitado por configuração."}
{"at":"2026-05-18T21:17:02.463Z","event":"manual_send","provider":"twilio","to":"5562999669966","status":"skipped","metadata":{"event":"manual_send","to":"5562999669966","message":"Teste manual de WhatsApp","userId":1,"verifyFinalStatus":true},"providerMessageId":null,"error":"Configuracao Twilio ausente: TWILIO_ACCOUNT_SID, TWILIO_AUTH_TOKEN, TWILIO_TEMPLATE_GENERIC_SID.","response":null}
{"at":"2026-05-18T21:17:02.531Z","event":"manual_test","provider":"twilio","to":"5562999669966","status":"skipped","metadata":{"event":"manual_test","to":"5562999669966","message":"Envio de mensagem teste","userId":1,"verifyFinalStatus":true},"error":"WhatsApp desabilitado por configuração."}
{"at":"2026-05-18T21:17:03.060Z","event":"password_reset","provider":"twilio","to":"5562999999999","status":"skipped","metadata":{"event":"password_reset","userId":21,"email":"ana@example.com","link":"https://meu-sistema-nps.vercel.app/perfil"},"error":"WhatsApp desabilitado por configuração."}
{"at":"2026-05-18T21:17:03.596Z","event":"password_reset","provider":"twilio","to":"5562888888888","status":"skipped","metadata":{"event":"password_reset","userId":22,"email":"bruno@example.com","link":"https://meu-sistema-nps.vercel.app/perfil"},"error":"WhatsApp desabilitado por configuração."}
{"at":"2026-05-18T21:22:01.653Z","event":"user_welcome","provider":"twilio","to":"5562999999999","status":"skipped","metadata":{"event":"user_welcome","userId":77,"email":"maria@example.com"},"error":"WhatsApp desabilitado por configuração."}
{"at":"2026-05-18T21:22:03.999Z","event":"manual_send","provider":"twilio","to":"5562999669966","status":"skipped","metadata":{"event":"manual_send","to":"5562999669966","message":"Teste manual de WhatsApp","userId":1,"verifyFinalStatus":true},"providerMessageId":null,"error":"Configuracao Twilio ausente: TWILIO_ACCOUNT_SID, TWILIO_AUTH_TOKEN, TWILIO_TEMPLATE_GENERIC_SID.","response":null}
{"at":"2026-05-18T21:22:04.020Z","event":"manual_test","provider":"twilio","to":"5562999669966","status":"skipped","metadata":{"event":"manual_test","to":"5562999669966","message":"Envio de mensagem teste","userId":1,"verifyFinalStatus":true},"error":"WhatsApp desabilitado por configuração."}
{"at":"2026-05-18T21:22:04.280Z","event":"password_reset","provider":"twilio","to":"5562999999999","status":"skipped","metadata":{"event":"password_reset","userId":21,"email":"ana@example.com","link":"https://meu-sistema-nps.vercel.app/perfil"},"error":"WhatsApp desabilitado por configuração."}
{"at":"2026-05-18T21:22:04.530Z","event":"password_reset","provider":"twilio","to":"5562888888888","status":"skipped","metadata":{"event":"password_reset","userId":22,"email":"bruno@example.com","link":"https://meu-sistema-nps.vercel.app/perfil"},"error":"WhatsApp desabilitado por configuração."}
{"at":"2026-05-19T11:17:34.213Z","event":"user_welcome","provider":"twilio","to":"5562999999999","status":"skipped","metadata":{"event":"user_welcome","userId":77,"email":"maria@example.com"},"error":"WhatsApp desabilitado por configuração."}
{"at":"2026-05-19T11:17:34.889Z","event":"manual_send","provider":"twilio","to":"5562999669966","status":"skipped","metadata":{"event":"manual_send","to":"5562999669966","message":"Teste manual de WhatsApp","userId":1,"verifyFinalStatus":true},"providerMessageId":null,"error":"Configuracao Twilio ausente: TWILIO_ACCOUNT_SID, TWILIO_AUTH_TOKEN, TWILIO_TEMPLATE_GENERIC_SID.","response":null}
{"at":"2026-05-19T11:17:34.902Z","event":"manual_test","provider":"twilio","to":"5562999669966","status":"skipped","metadata":{"event":"manual_test","to":"5562999669966","message":"Envio de mensagem teste","userId":1,"verifyFinalStatus":true},"error":"WhatsApp desabilitado por configuração."}
{"at":"2026-05-19T11:17:34.997Z","event":"password_reset","provider":"twilio","to":"5562999999999","status":"skipped","metadata":{"event":"password_reset","userId":21,"email":"ana@example.com","link":"https://meu-sistema-nps.vercel.app/perfil"},"error":"WhatsApp desabilitado por configuração."}
{"at":"2026-05-19T11:17:35.069Z","event":"password_reset","provider":"twilio","to":"5562888888888","status":"skipped","metadata":{"event":"password_reset","userId":22,"email":"bruno@example.com","link":"https://meu-sistema-nps.vercel.app/perfil"},"error":"WhatsApp desabilitado por configuração."}
{"at":"2026-05-19T11:28:56.525Z","event":"user_welcome","provider":"twilio","to":"5562999999999","status":"skipped","metadata":{"event":"user_welcome","userId":77,"email":"maria@example.com"},"error":"WhatsApp desabilitado por configuração."}
{"at":"2026-05-19T11:28:57.180Z","event":"manual_send","provider":"twilio","to":"5562999669966","status":"skipped","metadata":{"event":"manual_send","to":"5562999669966","message":"Teste manual de WhatsApp","userId":1,"verifyFinalStatus":true},"providerMessageId":null,"error":"Configuracao Twilio ausente: TWILIO_ACCOUNT_SID, TWILIO_AUTH_TOKEN, TWILIO_TEMPLATE_GENERIC_SID.","response":null}
{"at":"2026-05-19T11:28:57.195Z","event":"manual_test","provider":"twilio","to":"5562999669966","status":"skipped","metadata":{"event":"manual_test","to":"5562999669966","message":"Envio de mensagem teste","userId":1,"verifyFinalStatus":true},"error":"WhatsApp desabilitado por configuração."}
{"at":"2026-05-19T11:28:57.392Z","event":"password_reset","provider":"twilio","to":"5562999999999","status":"skipped","metadata":{"event":"password_reset","userId":21,"email":"ana@example.com","link":"https://meu-sistema-nps.vercel.app/perfil"},"error":"WhatsApp desabilitado por configuração."}
{"at":"2026-05-19T11:28:57.807Z","event":"password_reset","provider":"twilio","to":"5562888888888","status":"skipped","metadata":{"event":"password_reset","userId":22,"email":"bruno@example.com","link":"https://meu-sistema-nps.vercel.app/perfil"},"error":"WhatsApp desabilitado por configuração."}
{"at":"2026-05-19T11:44:52.886Z","event":"user_welcome","provider":"twilio","to":"5562999999999","status":"skipped","metadata":{"event":"user_welcome","userId":77,"email":"maria@example.com"},"error":"WhatsApp desabilitado por configuração."}
{"at":"2026-05-19T11:44:55.506Z","event":"manual_send","provider":"twilio","to":"5562999669966","status":"skipped","metadata":{"event":"manual_send","to":"5562999669966","message":"Teste manual de WhatsApp","userId":1,"verifyFinalStatus":true},"providerMessageId":null,"error":"Configuracao Twilio ausente: TWILIO_ACCOUNT_SID, TWILIO_AUTH_TOKEN, TWILIO_TEMPLATE_GENERIC_SID.","response":null}
{"at":"2026-05-19T11:44:55.551Z","event":"manual_test","provider":"twilio","to":"5562999669966","status":"skipped","metadata":{"event":"manual_test","to":"5562999669966","message":"Envio de mensagem teste","userId":1,"verifyFinalStatus":true},"error":"WhatsApp desabilitado por configuração."}
{"at":"2026-05-19T11:44:55.947Z","event":"password_reset","provider":"twilio","to":"5562999999999","status":"skipped","metadata":{"event":"password_reset","userId":21,"email":"ana@example.com","link":"https://meu-sistema-nps.vercel.app/perfil"},"error":"WhatsApp desabilitado por configuração."}
{"at":"2026-05-19T11:44:56.238Z","event":"password_reset","provider":"twilio","to":"5562888888888","status":"skipped","metadata":{"event":"password_reset","userId":22,"email":"bruno@example.com","link":"https://meu-sistema-nps.vercel.app/perfil"},"error":"WhatsApp desabilitado por configuração."}
{"at":"2026-05-19T11:57:35.601Z","event":"user_welcome","provider":"twilio","to":"5562999999999","status":"skipped","metadata":{"event":"user_welcome","userId":77,"email":"maria@example.com"},"error":"WhatsApp desabilitado por configuração."}
{"at":"2026-05-19T11:57:36.202Z","event":"manual_send","provider":"twilio","to":"5562999669966","status":"skipped","metadata":{"event":"manual_send","to":"5562999669966","message":"Teste manual de WhatsApp","userId":1,"verifyFinalStatus":true},"providerMessageId":null,"error":"Configuracao Twilio ausente: TWILIO_ACCOUNT_SID, TWILIO_AUTH_TOKEN, TWILIO_TEMPLATE_GENERIC_SID.","response":null}
{"at":"2026-05-19T11:57:36.216Z","event":"manual_test","provider":"twilio","to":"5562999669966","status":"skipped","metadata":{"event":"manual_test","to":"5562999669966","message":"Envio de mensagem teste","userId":1,"verifyFinalStatus":true},"error":"WhatsApp desabilitado por configuração."}
{"at":"2026-05-19T11:57:36.309Z","event":"password_reset","provider":"twilio","to":"5562999999999","status":"skipped","metadata":{"event":"password_reset","userId":21,"email":"ana@example.com","link":"https://meu-sistema-nps.vercel.app/perfil"},"error":"WhatsApp desabilitado por configuração."}
{"at":"2026-05-19T11:57:36.404Z","event":"password_reset","provider":"twilio","to":"5562888888888","status":"skipped","metadata":{"event":"password_reset","userId":22,"email":"bruno@example.com","link":"https://meu-sistema-nps.vercel.app/perfil"},"error":"WhatsApp desabilitado por configuração."}
{"at":"2026-05-19T11:58:16.650Z","event":"user_welcome","provider":"twilio","to":"5562999999999","status":"skipped","metadata":{"event":"user_welcome","userId":77,"email":"maria@example.com"},"error":"WhatsApp desabilitado por configuração."}
{"at":"2026-05-19T11:58:17.005Z","event":"manual_send","provider":"twilio","to":"5562999669966","status":"skipped","metadata":{"event":"manual_send","to":"5562999669966","message":"Teste manual de WhatsApp","userId":1,"verifyFinalStatus":true},"providerMessageId":null,"error":"Configuracao Twilio ausente: TWILIO_ACCOUNT_SID, TWILIO_AUTH_TOKEN, TWILIO_TEMPLATE_GENERIC_SID.","response":null}
{"at":"2026-05-19T11:58:17.011Z","event":"manual_test","provider":"twilio","to":"5562999669966","status":"skipped","metadata":{"event":"manual_test","to":"5562999669966","message":"Envio de mensagem teste","userId":1,"verifyFinalStatus":true},"error":"WhatsApp desabilitado por configuração."}
{"at":"2026-05-19T11:58:17.070Z","event":"password_reset","provider":"twilio","to":"5562999999999","status":"skipped","metadata":{"event":"password_reset","userId":21,"email":"ana@example.com","link":"https://meu-sistema-nps.vercel.app/perfil"},"error":"WhatsApp desabilitado por configuração."}
{"at":"2026-05-19T11:58:17.124Z","event":"password_reset","provider":"twilio","to":"5562888888888","status":"skipped","metadata":{"event":"password_reset","userId":22,"email":"bruno@example.com","link":"https://meu-sistema-nps.vercel.app/perfil"},"error":"WhatsApp desabilitado por configuração."}
{"at":"2026-05-19T12:00:17.773Z","event":"user_welcome","provider":"twilio","to":"5562999999999","status":"skipped","metadata":{"event":"user_welcome","userId":77,"email":"maria@example.com"},"error":"WhatsApp desabilitado por configuração."}
{"at":"2026-05-19T12:00:18.203Z","event":"manual_send","provider":"twilio","to":"5562999669966","status":"skipped","metadata":{"event":"manual_send","to":"5562999669966","message":"Teste manual de WhatsApp","userId":1,"verifyFinalStatus":true},"providerMessageId":null,"error":"Configuracao Twilio ausente: TWILIO_ACCOUNT_SID, TWILIO_AUTH_TOKEN, TWILIO_TEMPLATE_GENERIC_SID.","response":null}
{"at":"2026-05-19T12:00:18.208Z","event":"manual_test","provider":"twilio","to":"5562999669966","status":"skipped","metadata":{"event":"manual_test","to":"5562999669966","message":"Envio de mensagem teste","userId":1,"verifyFinalStatus":true},"error":"WhatsApp desabilitado por configuração."}
{"at":"2026-05-19T12:00:18.266Z","event":"password_reset","provider":"twilio","to":"5562999999999","status":"skipped","metadata":{"event":"password_reset","userId":21,"email":"ana@example.com","link":"https://meu-sistema-nps.vercel.app/perfil"},"error":"WhatsApp desabilitado por configuração."}
{"at":"2026-05-19T12:00:18.321Z","event":"password_reset","provider":"twilio","to":"5562888888888","status":"skipped","metadata":{"event":"password_reset","userId":22,"email":"bruno@example.com","link":"https://meu-sistema-nps.vercel.app/perfil"},"error":"WhatsApp desabilitado por configuração."}
{"at":"2026-05-19T13:21:14.655Z","event":"user_welcome","provider":"twilio","to":"5562999999999","status":"skipped","metadata":{"event":"user_welcome","userId":77,"email":"maria@example.com"},"error":"WhatsApp desabilitado por configuração."}
{"at":"2026-05-19T13:21:16.304Z","event":"manual_send","provider":"twilio","to":"5562999669966","status":"skipped","metadata":{"event":"manual_send","to":"5562999669966","message":"Teste manual de WhatsApp","userId":1,"verifyFinalStatus":true},"providerMessageId":null,"error":"Configuracao Twilio ausente: TWILIO_ACCOUNT_SID, TWILIO_AUTH_TOKEN, TWILIO_TEMPLATE_GENERIC_SID.","response":null}
{"at":"2026-05-19T13:21:16.325Z","event":"manual_test","provider":"twilio","to":"5562999669966","status":"skipped","metadata":{"event":"manual_test","to":"5562999669966","message":"Envio de mensagem teste","userId":1,"verifyFinalStatus":true},"error":"WhatsApp desabilitado por configuração."}
{"at":"2026-05-19T13:21:16.528Z","event":"password_reset","provider":"twilio","to":"5562999999999","status":"skipped","metadata":{"event":"password_reset","userId":21,"email":"ana@example.com","link":"https://meu-sistema-nps.vercel.app/perfil"},"error":"WhatsApp desabilitado por configuração."}
{"at":"2026-05-19T13:21:16.705Z","event":"password_reset","provider":"twilio","to":"5562888888888","status":"skipped","metadata":{"event":"password_reset","userId":22,"email":"bruno@example.com","link":"https://meu-sistema-nps.vercel.app/perfil"},"error":"WhatsApp desabilitado por configuração."}
{"at":"2026-05-19T16:33:31.237Z","event":"user_welcome","provider":"twilio","to":"5562999999999","status":"skipped","metadata":{"event":"user_welcome","userId":77,"email":"maria@example.com"},"error":"WhatsApp desabilitado por configuração."}
{"at":"2026-05-19T16:33:33.317Z","event":"manual_send","provider":"twilio","to":"5562999669966","status":"skipped","metadata":{"event":"manual_send","to":"5562999669966","message":"Teste manual de WhatsApp","userId":1,"verifyFinalStatus":true},"providerMessageId":null,"error":"Configuracao Twilio ausente: TWILIO_ACCOUNT_SID, TWILIO_AUTH_TOKEN, TWILIO_TEMPLATE_GENERIC_SID.","response":null}
{"at":"2026-05-19T16:33:33.352Z","event":"manual_test","provider":"twilio","to":"5562999669966","status":"skipped","metadata":{"event":"manual_test","to":"5562999669966","message":"Envio de mensagem teste","userId":1,"verifyFinalStatus":true},"error":"WhatsApp desabilitado por configuração."}
{"at":"2026-05-19T16:33:33.569Z","event":"password_reset","provider":"twilio","to":"5562999999999","status":"skipped","metadata":{"event":"password_reset","userId":21,"email":"ana@example.com","link":"https://meu-sistema-nps.vercel.app/perfil"},"error":"WhatsApp desabilitado por configuração."}
{"at":"2026-05-19T16:33:33.733Z","event":"password_reset","provider":"twilio","to":"5562888888888","status":"skipped","metadata":{"event":"password_reset","userId":22,"email":"bruno@example.com","link":"https://meu-sistema-nps.vercel.app/perfil"},"error":"WhatsApp desabilitado por configuração."}
{"at":"2026-05-19T16:45:59.336Z","event":"user_welcome","provider":"twilio","to":"5562999999999","status":"skipped","metadata":{"event":"user_welcome","userId":77,"email":"maria@example.com"},"error":"WhatsApp desabilitado por configuração."}
{"at":"2026-05-19T16:46:03.672Z","event":"manual_send","provider":"twilio","to":"5562999669966","status":"skipped","metadata":{"event":"manual_send","to":"5562999669966","message":"Teste manual de WhatsApp","userId":1,"verifyFinalStatus":true},"providerMessageId":null,"error":"Configuracao Twilio ausente: TWILIO_ACCOUNT_SID, TWILIO_AUTH_TOKEN, TWILIO_TEMPLATE_GENERIC_SID.","response":null}
{"at":"2026-05-19T16:46:03.718Z","event":"manual_test","provider":"twilio","to":"5562999669966","status":"skipped","metadata":{"event":"manual_test","to":"5562999669966","message":"Envio de mensagem teste","userId":1,"verifyFinalStatus":true},"error":"WhatsApp desabilitado por configuração."}
{"at":"2026-05-19T16:46:04.478Z","event":"password_reset","provider":"twilio","to":"5562999999999","status":"skipped","metadata":{"event":"password_reset","userId":21,"email":"ana@example.com","link":"https://meu-sistema-nps.vercel.app/perfil"},"error":"WhatsApp desabilitado por configuração."}
{"at":"2026-05-19T16:46:04.879Z","event":"password_reset","provider":"twilio","to":"5562888888888","status":"skipped","metadata":{"event":"password_reset","userId":22,"email":"bruno@example.com","link":"https://meu-sistema-nps.vercel.app/perfil"},"error":"WhatsApp desabilitado por configuração."}
{"at":"2026-05-19T17:03:01.161Z","event":"user_welcome","provider":"twilio","to":"5562999999999","status":"skipped","metadata":{"event":"user_welcome","userId":77,"email":"maria@example.com"},"error":"WhatsApp desabilitado por configuração."}
{"at":"2026-05-19T17:03:01.728Z","event":"manual_send","provider":"twilio","to":"5562999669966","status":"skipped","metadata":{"event":"manual_send","to":"5562999669966","message":"Teste manual de WhatsApp","userId":1,"verifyFinalStatus":true},"providerMessageId":null,"error":"Configuracao Twilio ausente: TWILIO_ACCOUNT_SID, TWILIO_AUTH_TOKEN, TWILIO_TEMPLATE_GENERIC_SID.","response":null}
{"at":"2026-05-19T17:03:01.746Z","event":"manual_test","provider":"twilio","to":"5562999669966","status":"skipped","metadata":{"event":"manual_test","to":"5562999669966","message":"Envio de mensagem teste","userId":1,"verifyFinalStatus":true},"error":"WhatsApp desabilitado por configuração."}
{"at":"2026-05-19T17:03:01.914Z","event":"password_reset","provider":"twilio","to":"5562999999999","status":"skipped","metadata":{"event":"password_reset","userId":21,"email":"ana@example.com","link":"https://meu-sistema-nps.vercel.app/perfil"},"error":"WhatsApp desabilitado por configuração."}
{"at":"2026-05-19T17:03:02.044Z","event":"password_reset","provider":"twilio","to":"5562888888888","status":"skipped","metadata":{"event":"password_reset","userId":22,"email":"bruno@example.com","link":"https://meu-sistema-nps.vercel.app/perfil"},"error":"WhatsApp desabilitado por configuração."}
{"at":"2026-05-19T17:59:11.428Z","event":"user_welcome","provider":"twilio","to":"5562999999999","status":"skipped","metadata":{"event":"user_welcome","userId":77,"email":"maria@example.com"},"error":"WhatsApp desabilitado por configuração."}
{"at":"2026-05-19T17:59:12.070Z","event":"manual_send","provider":"twilio","to":"5562999669966","status":"skipped","metadata":{"event":"manual_send","to":"5562999669966","message":"Teste manual de WhatsApp","userId":1,"verifyFinalStatus":true},"providerMessageId":null,"error":"Configuracao Twilio ausente: TWILIO_ACCOUNT_SID, TWILIO_AUTH_TOKEN, TWILIO_TEMPLATE_GENERIC_SID.","response":null}
{"at":"2026-05-19T17:59:12.091Z","event":"manual_test","provider":"twilio","to":"5562999669966","status":"skipped","metadata":{"event":"manual_test","to":"5562999669966","message":"Envio de mensagem teste","userId":1,"verifyFinalStatus":true},"error":"WhatsApp desabilitado por configuração."}
{"at":"2026-05-19T17:59:12.320Z","event":"password_reset","provider":"twilio","to":"5562999999999","status":"skipped","metadata":{"event":"password_reset","userId":21,"email":"ana@example.com","link":"https://meu-sistema-nps.vercel.app/perfil"},"error":"WhatsApp desabilitado por configuração."}
{"at":"2026-05-19T17:59:12.509Z","event":"password_reset","provider":"twilio","to":"5562888888888","status":"skipped","metadata":{"event":"password_reset","userId":22,"email":"bruno@example.com","link":"https://meu-sistema-nps.vercel.app/perfil"},"error":"WhatsApp desabilitado por configuração."}
{"at":"2026-05-19T18:00:32.971Z","event":"user_welcome","provider":"twilio","to":"5562999999999","status":"skipped","metadata":{"event":"user_welcome","userId":77,"email":"maria@example.com"},"error":"WhatsApp desabilitado por configuração."}
{"at":"2026-05-19T18:00:33.610Z","event":"manual_send","provider":"twilio","to":"5562999669966","status":"skipped","metadata":{"event":"manual_send","to":"5562999669966","message":"Teste manual de WhatsApp","userId":1,"verifyFinalStatus":true},"providerMessageId":null,"error":"Configuracao Twilio ausente: TWILIO_ACCOUNT_SID, TWILIO_AUTH_TOKEN, TWILIO_TEMPLATE_GENERIC_SID.","response":null}
{"at":"2026-05-19T18:00:33.620Z","event":"manual_test","provider":"twilio","to":"5562999669966","status":"skipped","metadata":{"event":"manual_test","to":"5562999669966","message":"Envio de mensagem teste","userId":1,"verifyFinalStatus":true},"error":"WhatsApp desabilitado por configuração."}
{"at":"2026-05-19T18:00:33.757Z","event":"password_reset","provider":"twilio","to":"5562999999999","status":"skipped","metadata":{"event":"password_reset","userId":21,"email":"ana@example.com","link":"https://meu-sistema-nps.vercel.app/perfil"},"error":"WhatsApp desabilitado por configuração."}
{"at":"2026-05-19T18:00:34.012Z","event":"password_reset","provider":"twilio","to":"5562888888888","status":"skipped","metadata":{"event":"password_reset","userId":22,"email":"bruno@example.com","link":"https://meu-sistema-nps.vercel.app/perfil"},"error":"WhatsApp desabilitado por configuração."}
{"at":"2026-05-19T18:02:46.766Z","event":"user_welcome","provider":"twilio","to":"5562999999999","status":"skipped","metadata":{"event":"user_welcome","userId":77,"email":"maria@example.com"},"error":"WhatsApp desabilitado por configuração."}
{"at":"2026-05-19T18:02:47.340Z","event":"manual_send","provider":"twilio","to":"5562999669966","status":"skipped","metadata":{"event":"manual_send","to":"5562999669966","message":"Teste manual de WhatsApp","userId":1,"verifyFinalStatus":true},"providerMessageId":null,"error":"Configuracao Twilio ausente: TWILIO_ACCOUNT_SID, TWILIO_AUTH_TOKEN, TWILIO_TEMPLATE_GENERIC_SID.","response":null}
{"at":"2026-05-19T18:02:47.350Z","event":"manual_test","provider":"twilio","to":"5562999669966","status":"skipped","metadata":{"event":"manual_test","to":"5562999669966","message":"Envio de mensagem teste","userId":1,"verifyFinalStatus":true},"error":"WhatsApp desabilitado por configuração."}
{"at":"2026-05-19T18:02:47.439Z","event":"password_reset","provider":"twilio","to":"5562999999999","status":"skipped","metadata":{"event":"password_reset","userId":21,"email":"ana@example.com","link":"https://meu-sistema-nps.vercel.app/perfil"},"error":"WhatsApp desabilitado por configuração."}
{"at":"2026-05-19T18:02:47.519Z","event":"password_reset","provider":"twilio","to":"5562888888888","status":"skipped","metadata":{"event":"password_reset","userId":22,"email":"bruno@example.com","link":"https://meu-sistema-nps.vercel.app/perfil"},"error":"WhatsApp desabilitado por configuração."}
{"at":"2026-05-20T12:20:40.427Z","event":"user_welcome","provider":"twilio","to":"5562999999999","status":"skipped","metadata":{"event":"user_welcome","userId":77,"email":"maria@example.com"},"error":"WhatsApp desabilitado por configuração."}
{"at":"2026-05-20T12:20:41.998Z","event":"manual_send","provider":"twilio","to":"5562999669966","status":"skipped","metadata":{"event":"manual_send","to":"5562999669966","message":"Teste manual de WhatsApp","userId":1,"verifyFinalStatus":true},"providerMessageId":null,"error":"Configuracao Twilio ausente: TWILIO_ACCOUNT_SID, TWILIO_AUTH_TOKEN, TWILIO_TEMPLATE_GENERIC_SID.","response":null}
{"at":"2026-05-20T12:20:42.013Z","event":"manual_test","provider":"twilio","to":"5562999669966","status":"skipped","metadata":{"event":"manual_test","to":"5562999669966","message":"Envio de mensagem teste","userId":1,"verifyFinalStatus":true},"error":"WhatsApp desabilitado por configuração."}
{"at":"2026-05-20T12:20:42.228Z","event":"password_reset","provider":"twilio","to":"5562999999999","status":"skipped","metadata":{"event":"password_reset","userId":21,"email":"ana@example.com","link":"https://meu-sistema-nps.vercel.app/perfil"},"error":"WhatsApp desabilitado por configuração."}
{"at":"2026-05-20T12:20:42.421Z","event":"password_reset","provider":"twilio","to":"5562888888888","status":"skipped","metadata":{"event":"password_reset","userId":22,"email":"bruno@example.com","link":"https://meu-sistema-nps.vercel.app/perfil"},"error":"WhatsApp desabilitado por configuração."}
{"at":"2026-05-20T12:47:48.480Z","event":"user_welcome","provider":"twilio","to":"5562999999999","status":"skipped","metadata":{"event":"user_welcome","userId":77,"email":"maria@example.com"},"error":"WhatsApp desabilitado por configuração."}
{"at":"2026-05-20T12:47:49.230Z","event":"manual_send","provider":"twilio","to":"5562999669966","status":"skipped","metadata":{"event":"manual_send","to":"5562999669966","message":"Teste manual de WhatsApp","userId":1,"verifyFinalStatus":true},"providerMessageId":null,"error":"Configuracao Twilio ausente: TWILIO_ACCOUNT_SID, TWILIO_AUTH_TOKEN, TWILIO_TEMPLATE_GENERIC_SID.","response":null}
{"at":"2026-05-20T12:47:49.242Z","event":"manual_test","provider":"twilio","to":"5562999669966","status":"skipped","metadata":{"event":"manual_test","to":"5562999669966","message":"Envio de mensagem teste","userId":1,"verifyFinalStatus":true},"error":"WhatsApp desabilitado por configuração."}
{"at":"2026-05-20T12:47:49.378Z","event":"password_reset","provider":"twilio","to":"5562999999999","status":"skipped","metadata":{"event":"password_reset","userId":21,"email":"ana@example.com","link":"https://meu-sistema-nps.vercel.app/perfil"},"error":"WhatsApp desabilitado por configuração."}
{"at":"2026-05-20T12:47:49.512Z","event":"password_reset","provider":"twilio","to":"5562888888888","status":"skipped","metadata":{"event":"password_reset","userId":22,"email":"bruno@example.com","link":"https://meu-sistema-nps.vercel.app/perfil"},"error":"WhatsApp desabilitado por configuração."}
{"at":"2026-05-20T12:56:55.692Z","event":"user_welcome","provider":"twilio","to":"5562999999999","status":"skipped","metadata":{"event":"user_welcome","userId":77,"email":"maria@example.com"},"error":"WhatsApp desabilitado por configuração."}
{"at":"2026-05-20T12:56:57.235Z","event":"manual_send","provider":"twilio","to":"5562999669966","status":"skipped","metadata":{"event":"manual_send","to":"5562999669966","message":"Teste manual de WhatsApp","userId":1,"verifyFinalStatus":true},"providerMessageId":null,"error":"Configuracao Twilio ausente: TWILIO_ACCOUNT_SID, TWILIO_AUTH_TOKEN, TWILIO_TEMPLATE_GENERIC_SID.","response":null}
{"at":"2026-05-20T12:56:57.266Z","event":"manual_test","provider":"twilio","to":"5562999669966","status":"skipped","metadata":{"event":"manual_test","to":"5562999669966","message":"Envio de mensagem teste","userId":1,"verifyFinalStatus":true},"error":"WhatsApp desabilitado por configuração."}
{"at":"2026-05-20T12:56:57.491Z","event":"password_reset","provider":"twilio","to":"5562999999999","status":"skipped","metadata":{"event":"password_reset","userId":21,"email":"ana@example.com","link":"https://meu-sistema-nps.vercel.app/perfil"},"error":"WhatsApp desabilitado por configuração."}
{"at":"2026-05-20T12:56:57.716Z","event":"password_reset","provider":"twilio","to":"5562888888888","status":"skipped","metadata":{"event":"password_reset","userId":22,"email":"bruno@example.com","link":"https://meu-sistema-nps.vercel.app/perfil"},"error":"WhatsApp desabilitado por configuração."}
{"at":"2026-05-20T16:09:51.468Z","event":"user_welcome","provider":"twilio","to":"5562999999999","status":"skipped","metadata":{"event":"user_welcome","userId":77,"email":"maria@example.com"},"error":"WhatsApp desabilitado por configuração."}
{"at":"2026-05-20T16:09:53.857Z","event":"manual_send","provider":"twilio","to":"5562999669966","status":"skipped","metadata":{"event":"manual_send","to":"5562999669966","message":"Teste manual de WhatsApp","userId":1,"verifyFinalStatus":true},"providerMessageId":null,"error":"Configuracao Twilio ausente: TWILIO_ACCOUNT_SID, TWILIO_AUTH_TOKEN, TWILIO_TEMPLATE_GENERIC_SID.","response":null}
{"at":"2026-05-20T16:09:53.876Z","event":"manual_test","provider":"twilio","to":"5562999669966","status":"skipped","metadata":{"event":"manual_test","to":"5562999669966","message":"Envio de mensagem teste","userId":1,"verifyFinalStatus":true},"error":"WhatsApp desabilitado por configuração."}
{"at":"2026-05-20T16:09:54.048Z","event":"password_reset","provider":"twilio","to":"5562999999999","status":"skipped","metadata":{"event":"password_reset","userId":21,"email":"ana@example.com","link":"https://meu-sistema-nps.vercel.app/perfil"},"error":"WhatsApp desabilitado por configuração."}
{"at":"2026-05-20T16:09:54.206Z","event":"password_reset","provider":"twilio","to":"5562888888888","status":"skipped","metadata":{"event":"password_reset","userId":22,"email":"bruno@example.com","link":"https://meu-sistema-nps.vercel.app/perfil"},"error":"WhatsApp desabilitado por configuração."}
{"at":"2026-05-20T16:25:37.303Z","event":"user_welcome","provider":"twilio","to":"5562999999999","status":"skipped","metadata":{"event":"user_welcome","userId":77,"email":"maria@example.com"},"error":"WhatsApp desabilitado por configuração."}
{"at":"2026-05-20T16:25:39.594Z","event":"manual_send","provider":"twilio","to":"5562999669966","status":"skipped","metadata":{"event":"manual_send","to":"5562999669966","message":"Teste manual de WhatsApp","userId":1,"verifyFinalStatus":true},"providerMessageId":null,"error":"Configuracao Twilio ausente: TWILIO_ACCOUNT_SID, TWILIO_AUTH_TOKEN, TWILIO_TEMPLATE_GENERIC_SID.","response":null}
{"at":"2026-05-20T16:25:39.652Z","event":"manual_test","provider":"twilio","to":"5562999669966","status":"skipped","metadata":{"event":"manual_test","to":"5562999669966","message":"Envio de mensagem teste","userId":1,"verifyFinalStatus":true},"error":"WhatsApp desabilitado por configuração."}
{"at":"2026-05-20T16:25:40.048Z","event":"password_reset","provider":"twilio","to":"5562999999999","status":"skipped","metadata":{"event":"password_reset","userId":21,"email":"ana@example.com","link":"https://meu-sistema-nps.vercel.app/perfil"},"error":"WhatsApp desabilitado por configuração."}
{"at":"2026-05-20T16:25:40.351Z","event":"password_reset","provider":"twilio","to":"5562888888888","status":"skipped","metadata":{"event":"password_reset","userId":22,"email":"bruno@example.com","link":"https://meu-sistema-nps.vercel.app/perfil"},"error":"WhatsApp desabilitado por configuração."}
{"at":"2026-05-20T17:33:59.075Z","event":"user_welcome","provider":"twilio","to":"5562999999999","status":"skipped","metadata":{"event":"user_welcome","userId":77,"email":"maria@example.com"},"error":"WhatsApp desabilitado por configuração."}
{"at":"2026-05-20T17:34:04.235Z","event":"password_reset","provider":"twilio","to":"5562999999999","status":"skipped","metadata":{"event":"password_reset","userId":21,"email":"ana@example.com","link":"https://meu-sistema-nps.vercel.app/perfil"},"error":"WhatsApp desabilitado por configuração."}
{"at":"2026-05-20T17:34:04.462Z","event":"password_reset","provider":"twilio","to":"5562888888888","status":"skipped","metadata":{"event":"password_reset","userId":22,"email":"bruno@example.com","link":"https://meu-sistema-nps.vercel.app/perfil"},"error":"WhatsApp desabilitado por configuração."}
{"at":"2026-05-20T17:37:09.090Z","event":"user_welcome","provider":"twilio","to":"5562999999999","status":"skipped","metadata":{"event":"user_welcome","userId":77,"email":"maria@example.com"},"error":"WhatsApp desabilitado por configuração."}
{"at":"2026-05-20T17:37:10.910Z","event":"manual_send","provider":"twilio","to":"5562999669966","status":"skipped","metadata":{"event":"manual_send","to":"5562999669966","message":"Teste manual de WhatsApp","userId":1,"verifyFinalStatus":true},"providerMessageId":null,"error":"Configuracao Twilio ausente: TWILIO_ACCOUNT_SID, TWILIO_AUTH_TOKEN, TWILIO_TEMPLATE_GENERIC_SID.","response":null}
{"at":"2026-05-20T17:37:10.937Z","event":"manual_test","provider":"twilio","to":"5562999669966","status":"skipped","metadata":{"event":"manual_test","to":"5562999669966","message":"Envio de mensagem teste","userId":1,"verifyFinalStatus":true},"error":"WhatsApp desabilitado por configuração."}
{"at":"2026-05-20T17:37:11.206Z","event":"password_reset","provider":"twilio","to":"5562999999999","status":"skipped","metadata":{"event":"password_reset","userId":21,"email":"ana@example.com","link":"https://meu-sistema-nps.vercel.app/perfil"},"error":"WhatsApp desabilitado por configuração."}
{"at":"2026-05-20T17:37:11.472Z","event":"password_reset","provider":"twilio","to":"5562888888888","status":"skipped","metadata":{"event":"password_reset","userId":22,"email":"bruno@example.com","link":"https://meu-sistema-nps.vercel.app/perfil"},"error":"WhatsApp desabilitado por configuração."}
{"at":"2026-05-20T18:12:51.767Z","event":"user_welcome","provider":"twilio","to":"5562999999999","status":"skipped","metadata":{"event":"user_welcome","userId":77,"email":"maria@example.com"},"error":"WhatsApp desabilitado por configuração."}
{"at":"2026-05-20T18:12:52.600Z","event":"manual_send","provider":"twilio","to":"5562999669966","status":"skipped","metadata":{"event":"manual_send","to":"5562999669966","message":"Teste manual de WhatsApp","userId":1,"verifyFinalStatus":true},"providerMessageId":null,"error":"Configuracao Twilio ausente: TWILIO_ACCOUNT_SID, TWILIO_AUTH_TOKEN, TWILIO_TEMPLATE_GENERIC_SID.","response":null}
{"at":"2026-05-20T18:12:52.610Z","event":"manual_test","provider":"twilio","to":"5562999669966","status":"skipped","metadata":{"event":"manual_test","to":"5562999669966","message":"Envio de mensagem teste","userId":1,"verifyFinalStatus":true},"error":"WhatsApp desabilitado por configuração."}
{"at":"2026-05-20T18:12:52.737Z","event":"password_reset","provider":"twilio","to":"5562999999999","status":"skipped","metadata":{"event":"password_reset","userId":21,"email":"ana@example.com","link":"https://meu-sistema-nps.vercel.app/perfil"},"error":"WhatsApp desabilitado por configuração."}
{"at":"2026-05-20T18:12:52.849Z","event":"password_reset","provider":"twilio","to":"5562888888888","status":"skipped","metadata":{"event":"password_reset","userId":22,"email":"bruno@example.com","link":"https://meu-sistema-nps.vercel.app/perfil"},"error":"WhatsApp desabilitado por configuração."}
{"at":"2026-05-20T18:16:24.939Z","event":"user_welcome","provider":"twilio","to":"5562999999999","status":"skipped","metadata":{"event":"user_welcome","userId":77,"email":"maria@example.com"},"error":"WhatsApp desabilitado por configuração."}
{"at":"2026-05-20T18:16:25.500Z","event":"manual_send","provider":"twilio","to":"5562999669966","status":"skipped","metadata":{"event":"manual_send","to":"5562999669966","message":"Teste manual de WhatsApp","userId":1,"verifyFinalStatus":true},"providerMessageId":null,"error":"Configuracao Twilio ausente: TWILIO_ACCOUNT_SID, TWILIO_AUTH_TOKEN, TWILIO_TEMPLATE_GENERIC_SID.","response":null}
{"at":"2026-05-20T18:16:25.507Z","event":"manual_test","provider":"twilio","to":"5562999669966","status":"skipped","metadata":{"event":"manual_test","to":"5562999669966","message":"Envio de mensagem teste","userId":1,"verifyFinalStatus":true},"error":"WhatsApp desabilitado por configuração."}
{"at":"2026-05-20T18:16:25.598Z","event":"password_reset","provider":"twilio","to":"5562999999999","status":"skipped","metadata":{"event":"password_reset","userId":21,"email":"ana@example.com","link":"https://meu-sistema-nps.vercel.app/perfil"},"error":"WhatsApp desabilitado por configuração."}
{"at":"2026-05-20T18:16:25.695Z","event":"password_reset","provider":"twilio","to":"5562888888888","status":"skipped","metadata":{"event":"password_reset","userId":22,"email":"bruno@example.com","link":"https://meu-sistema-nps.vercel.app/perfil"},"error":"WhatsApp desabilitado por configuração."}
{"at":"2026-05-20T18:32:21.144Z","event":"user_welcome","provider":"twilio","to":"5562999999999","status":"skipped","metadata":{"event":"user_welcome","userId":77,"email":"maria@example.com"},"error":"WhatsApp desabilitado por configuração."}
{"at":"2026-05-20T18:32:21.736Z","event":"manual_send","provider":"twilio","to":"5562999669966","status":"skipped","metadata":{"event":"manual_send","to":"5562999669966","message":"Teste manual de WhatsApp","userId":1,"verifyFinalStatus":true},"providerMessageId":null,"error":"Configuracao Twilio ausente: TWILIO_ACCOUNT_SID, TWILIO_AUTH_TOKEN, TWILIO_TEMPLATE_GENERIC_SID.","response":null}
{"at":"2026-05-20T18:32:21.743Z","event":"manual_test","provider":"twilio","to":"5562999669966","status":"skipped","metadata":{"event":"manual_test","to":"5562999669966","message":"Envio de mensagem teste","userId":1,"verifyFinalStatus":true},"error":"WhatsApp desabilitado por configuração."}
{"at":"2026-05-20T18:32:21.829Z","event":"password_reset","provider":"twilio","to":"5562999999999","status":"skipped","metadata":{"event":"password_reset","userId":21,"email":"ana@example.com","link":"https://meu-sistema-nps.vercel.app/perfil"},"error":"WhatsApp desabilitado por configuração."}
{"at":"2026-05-20T18:32:21.908Z","event":"password_reset","provider":"twilio","to":"5562888888888","status":"skipped","metadata":{"event":"password_reset","userId":22,"email":"bruno@example.com","link":"https://meu-sistema-nps.vercel.app/perfil"},"error":"WhatsApp desabilitado por configuração."}
{"at":"2026-05-20T18:38:54.057Z","event":"user_welcome","provider":"twilio","to":"5562999999999","status":"skipped","metadata":{"event":"user_welcome","userId":77,"email":"maria@example.com"},"error":"WhatsApp desabilitado por configuração."}
{"at":"2026-05-20T18:38:54.779Z","event":"manual_send","provider":"twilio","to":"5562999669966","status":"skipped","metadata":{"event":"manual_send","to":"5562999669966","message":"Teste manual de WhatsApp","userId":1,"verifyFinalStatus":true},"providerMessageId":null,"error":"Configuracao Twilio ausente: TWILIO_ACCOUNT_SID, TWILIO_AUTH_TOKEN, TWILIO_TEMPLATE_GENERIC_SID.","response":null}
{"at":"2026-05-20T18:38:54.793Z","event":"manual_test","provider":"twilio","to":"5562999669966","status":"skipped","metadata":{"event":"manual_test","to":"5562999669966","message":"Envio de mensagem teste","userId":1,"verifyFinalStatus":true},"error":"WhatsApp desabilitado por configuração."}
{"at":"2026-05-20T18:38:54.898Z","event":"password_reset","provider":"twilio","to":"5562999999999","status":"skipped","metadata":{"event":"password_reset","userId":21,"email":"ana@example.com","link":"https://meu-sistema-nps.vercel.app/perfil"},"error":"WhatsApp desabilitado por configuração."}
{"at":"2026-05-20T18:38:55.002Z","event":"password_reset","provider":"twilio","to":"5562888888888","status":"skipped","metadata":{"event":"password_reset","userId":22,"email":"bruno@example.com","link":"https://meu-sistema-nps.vercel.app/perfil"},"error":"WhatsApp desabilitado por configuração."}
{"at":"2026-05-20T18:45:12.653Z","event":"user_welcome","provider":"twilio","to":"5562999999999","status":"skipped","metadata":{"event":"user_welcome","userId":77,"email":"maria@example.com"},"error":"WhatsApp desabilitado por configuração."}
{"at":"2026-05-20T18:45:13.199Z","event":"manual_send","provider":"twilio","to":"5562999669966","status":"skipped","metadata":{"event":"manual_send","to":"5562999669966","message":"Teste manual de WhatsApp","userId":1,"verifyFinalStatus":true},"providerMessageId":null,"error":"Configuracao Twilio ausente: TWILIO_ACCOUNT_SID, TWILIO_AUTH_TOKEN, TWILIO_TEMPLATE_GENERIC_SID.","response":null}
{"at":"2026-05-20T18:45:13.211Z","event":"manual_test","provider":"twilio","to":"5562999669966","status":"skipped","metadata":{"event":"manual_test","to":"5562999669966","message":"Envio de mensagem teste","userId":1,"verifyFinalStatus":true},"error":"WhatsApp desabilitado por configuração."}
{"at":"2026-05-20T18:45:13.300Z","event":"password_reset","provider":"twilio","to":"5562999999999","status":"skipped","metadata":{"event":"password_reset","userId":21,"email":"ana@example.com","link":"https://meu-sistema-nps.vercel.app/perfil"},"error":"WhatsApp desabilitado por configuração."}
{"at":"2026-05-20T18:45:13.385Z","event":"password_reset","provider":"twilio","to":"5562888888888","status":"skipped","metadata":{"event":"password_reset","userId":22,"email":"bruno@example.com","link":"https://meu-sistema-nps.vercel.app/perfil"},"error":"WhatsApp desabilitado por configuração."}
{"at":"2026-05-20T18:57:40.501Z","event":"user_welcome","provider":"twilio","to":"5562999999999","status":"skipped","metadata":{"event":"user_welcome","userId":77,"email":"maria@example.com"},"error":"WhatsApp desabilitado por configuração."}
{"at":"2026-05-20T18:57:41.153Z","event":"manual_send","provider":"twilio","to":"5562999669966","status":"skipped","metadata":{"event":"manual_send","to":"5562999669966","message":"Teste manual de WhatsApp","userId":1,"verifyFinalStatus":true},"providerMessageId":null,"error":"Configuracao Twilio ausente: TWILIO_ACCOUNT_SID, TWILIO_AUTH_TOKEN, TWILIO_TEMPLATE_GENERIC_SID.","response":null}
{"at":"2026-05-20T18:57:41.162Z","event":"manual_test","provider":"twilio","to":"5562999669966","status":"skipped","metadata":{"event":"manual_test","to":"5562999669966","message":"Envio de mensagem teste","userId":1,"verifyFinalStatus":true},"error":"WhatsApp desabilitado por configuração."}
{"at":"2026-05-20T18:57:41.250Z","event":"password_reset","provider":"twilio","to":"5562999999999","status":"skipped","metadata":{"event":"password_reset","userId":21,"email":"ana@example.com","link":"https://meu-sistema-nps.vercel.app/perfil"},"error":"WhatsApp desabilitado por configuração."}
{"at":"2026-05-20T18:57:41.333Z","event":"password_reset","provider":"twilio","to":"5562888888888","status":"skipped","metadata":{"event":"password_reset","userId":22,"email":"bruno@example.com","link":"https://meu-sistema-nps.vercel.app/perfil"},"error":"WhatsApp desabilitado por configuração."}
{"at":"2026-05-20T19:03:16.587Z","event":"user_welcome","provider":"twilio","to":"5562999999999","status":"skipped","metadata":{"event":"user_welcome","userId":77,"email":"maria@example.com"},"error":"WhatsApp desabilitado por configuração."}
{"at":"2026-05-20T19:03:17.247Z","event":"manual_send","provider":"twilio","to":"5562999669966","status":"skipped","metadata":{"event":"manual_send","to":"5562999669966","message":"Teste manual de WhatsApp","userId":1,"verifyFinalStatus":true},"providerMessageId":null,"error":"Configuracao Twilio ausente: TWILIO_ACCOUNT_SID, TWILIO_AUTH_TOKEN, TWILIO_TEMPLATE_GENERIC_SID.","response":null}
{"at":"2026-05-20T19:03:17.257Z","event":"manual_test","provider":"twilio","to":"5562999669966","status":"skipped","metadata":{"event":"manual_test","to":"5562999669966","message":"Envio de mensagem teste","userId":1,"verifyFinalStatus":true},"error":"WhatsApp desabilitado por configuração."}
{"at":"2026-05-20T19:03:17.351Z","event":"password_reset","provider":"twilio","to":"5562999999999","status":"skipped","metadata":{"event":"password_reset","userId":21,"email":"ana@example.com","link":"https://meu-sistema-nps.vercel.app/perfil"},"error":"WhatsApp desabilitado por configuração."}
{"at":"2026-05-20T19:03:17.430Z","event":"password_reset","provider":"twilio","to":"5562888888888","status":"skipped","metadata":{"event":"password_reset","userId":22,"email":"bruno@example.com","link":"https://meu-sistema-nps.vercel.app/perfil"},"error":"WhatsApp desabilitado por configuração."}
{"at":"2026-05-20T19:06:10.147Z","event":"user_welcome","provider":"twilio","to":"5562999999999","status":"skipped","metadata":{"event":"user_welcome","userId":77,"email":"maria@example.com"},"error":"WhatsApp desabilitado por configuração."}
{"at":"2026-05-20T19:06:10.755Z","event":"manual_send","provider":"twilio","to":"5562999669966","status":"skipped","metadata":{"event":"manual_send","to":"5562999669966","message":"Teste manual de WhatsApp","userId":1,"verifyFinalStatus":true},"providerMessageId":null,"error":"Configuracao Twilio ausente: TWILIO_ACCOUNT_SID, TWILIO_AUTH_TOKEN, TWILIO_TEMPLATE_GENERIC_SID.","response":null}
{"at":"2026-05-20T19:06:10.766Z","event":"manual_test","provider":"twilio","to":"5562999669966","status":"skipped","metadata":{"event":"manual_test","to":"5562999669966","message":"Envio de mensagem teste","userId":1,"verifyFinalStatus":true},"error":"WhatsApp desabilitado por configuração."}
{"at":"2026-05-20T19:06:10.853Z","event":"password_reset","provider":"twilio","to":"5562999999999","status":"skipped","metadata":{"event":"password_reset","userId":21,"email":"ana@example.com","link":"https://meu-sistema-nps.vercel.app/perfil"},"error":"WhatsApp desabilitado por configuração."}
{"at":"2026-05-20T19:06:10.934Z","event":"password_reset","provider":"twilio","to":"5562888888888","status":"skipped","metadata":{"event":"password_reset","userId":22,"email":"bruno@example.com","link":"https://meu-sistema-nps.vercel.app/perfil"},"error":"WhatsApp desabilitado por configuração."}
{"at":"2026-05-20T19:08:34.609Z","event":"user_welcome","provider":"twilio","to":"5562999999999","status":"skipped","metadata":{"event":"user_welcome","userId":77,"email":"maria@example.com"},"error":"WhatsApp desabilitado por configuração."}
{"at":"2026-05-20T19:08:35.272Z","event":"manual_send","provider":"twilio","to":"5562999669966","status":"skipped","metadata":{"event":"manual_send","to":"5562999669966","message":"Teste manual de WhatsApp","userId":1,"verifyFinalStatus":true},"providerMessageId":null,"error":"Configuracao Twilio ausente: TWILIO_ACCOUNT_SID, TWILIO_AUTH_TOKEN, TWILIO_TEMPLATE_GENERIC_SID.","response":null}
{"at":"2026-05-20T19:08:35.281Z","event":"manual_test","provider":"twilio","to":"5562999669966","status":"skipped","metadata":{"event":"manual_test","to":"5562999669966","message":"Envio de mensagem teste","userId":1,"verifyFinalStatus":true},"error":"WhatsApp desabilitado por configuração."}
{"at":"2026-05-20T19:08:35.373Z","event":"password_reset","provider":"twilio","to":"5562999999999","status":"skipped","metadata":{"event":"password_reset","userId":21,"email":"ana@example.com","link":"https://meu-sistema-nps.vercel.app/perfil"},"error":"WhatsApp desabilitado por configuração."}
{"at":"2026-05-20T19:08:35.457Z","event":"password_reset","provider":"twilio","to":"5562888888888","status":"skipped","metadata":{"event":"password_reset","userId":22,"email":"bruno@example.com","link":"https://meu-sistema-nps.vercel.app/perfil"},"error":"WhatsApp desabilitado por configuração."}
{"at":"2026-05-20T19:17:51.061Z","event":"user_welcome","provider":"twilio","to":"5562999999999","status":"skipped","metadata":{"event":"user_welcome","userId":77,"email":"maria@example.com"},"error":"WhatsApp desabilitado por configuração."}
{"at":"2026-05-20T19:17:51.721Z","event":"manual_send","provider":"twilio","to":"5562999669966","status":"skipped","metadata":{"event":"manual_send","to":"5562999669966","message":"Teste manual de WhatsApp","userId":1,"verifyFinalStatus":true},"providerMessageId":null,"error":"Configuracao Twilio ausente: TWILIO_ACCOUNT_SID, TWILIO_AUTH_TOKEN, TWILIO_TEMPLATE_GENERIC_SID.","response":null}
{"at":"2026-05-20T19:17:51.730Z","event":"manual_test","provider":"twilio","to":"5562999669966","status":"skipped","metadata":{"event":"manual_test","to":"5562999669966","message":"Envio de mensagem teste","userId":1,"verifyFinalStatus":true},"error":"WhatsApp desabilitado por configuração."}
{"at":"2026-05-20T19:17:51.817Z","event":"password_reset","provider":"twilio","to":"5562999999999","status":"skipped","metadata":{"event":"password_reset","userId":21,"email":"ana@example.com","link":"https://meu-sistema-nps.vercel.app/perfil"},"error":"WhatsApp desabilitado por configuração."}
{"at":"2026-05-20T19:17:51.896Z","event":"password_reset","provider":"twilio","to":"5562888888888","status":"skipped","metadata":{"event":"password_reset","userId":22,"email":"bruno@example.com","link":"https://meu-sistema-nps.vercel.app/perfil"},"error":"WhatsApp desabilitado por configuração."}
{"at":"2026-05-20T19:20:53.168Z","event":"user_welcome","provider":"twilio","to":"5562999999999","status":"skipped","metadata":{"event":"user_welcome","userId":77,"email":"maria@example.com"},"error":"WhatsApp desabilitado por configuração."}
{"at":"2026-05-20T19:20:53.787Z","event":"manual_send","provider":"twilio","to":"5562999669966","status":"skipped","metadata":{"event":"manual_send","to":"5562999669966","message":"Teste manual de WhatsApp","userId":1,"verifyFinalStatus":true},"providerMessageId":null,"error":"Configuracao Twilio ausente: TWILIO_ACCOUNT_SID, TWILIO_AUTH_TOKEN, TWILIO_TEMPLATE_GENERIC_SID.","response":null}
{"at":"2026-05-20T19:20:53.795Z","event":"manual_test","provider":"twilio","to":"5562999669966","status":"skipped","metadata":{"event":"manual_test","to":"5562999669966","message":"Envio de mensagem teste","userId":1,"verifyFinalStatus":true},"error":"WhatsApp desabilitado por configuração."}
{"at":"2026-05-20T19:20:53.885Z","event":"password_reset","provider":"twilio","to":"5562999999999","status":"skipped","metadata":{"event":"password_reset","userId":21,"email":"ana@example.com","link":"https://meu-sistema-nps.vercel.app/perfil"},"error":"WhatsApp desabilitado por configuração."}
{"at":"2026-05-20T19:20:53.967Z","event":"password_reset","provider":"twilio","to":"5562888888888","status":"skipped","metadata":{"event":"password_reset","userId":22,"email":"bruno@example.com","link":"https://meu-sistema-nps.vercel.app/perfil"},"error":"WhatsApp desabilitado por configuração."}
{"at":"2026-05-21T14:54:18.827Z","event":"user_welcome","provider":"twilio","to":"5562999999999","status":"skipped","metadata":{"event":"user_welcome","userId":77,"email":"maria@example.com"},"error":"WhatsApp desabilitado por configuração."}
{"at":"2026-05-21T14:54:20.994Z","event":"manual_send","provider":"twilio","to":"5562999669966","status":"skipped","metadata":{"event":"manual_send","to":"5562999669966","message":"Teste manual de WhatsApp","userId":1,"verifyFinalStatus":true},"providerMessageId":null,"error":"Configuracao Twilio ausente: TWILIO_ACCOUNT_SID, TWILIO_AUTH_TOKEN, TWILIO_TEMPLATE_GENERIC_SID.","response":null}
{"at":"2026-05-21T14:54:21.018Z","event":"manual_test","provider":"twilio","to":"5562999669966","status":"skipped","metadata":{"event":"manual_test","to":"5562999669966","message":"Envio de mensagem teste","userId":1,"verifyFinalStatus":true},"error":"WhatsApp desabilitado por configuração."}
{"at":"2026-05-21T14:54:21.314Z","event":"password_reset","provider":"twilio","to":"5562999999999","status":"skipped","metadata":{"event":"password_reset","userId":21,"email":"ana@example.com","link":"https://meu-sistema-nps.vercel.app/perfil"},"error":"WhatsApp desabilitado por configuração."}
{"at":"2026-05-21T14:54:21.490Z","event":"password_reset","provider":"twilio","to":"5562888888888","status":"skipped","metadata":{"event":"password_reset","userId":22,"email":"bruno@example.com","link":"https://meu-sistema-nps.vercel.app/perfil"},"error":"WhatsApp desabilitado por configuração."}
{"at":"2026-05-21T15:13:06.744Z","event":"user_welcome","provider":"twilio","to":"5562999999999","status":"skipped","metadata":{"event":"user_welcome","userId":77,"email":"maria@example.com"},"error":"WhatsApp desabilitado por configuração."}
{"at":"2026-05-21T15:13:08.138Z","event":"manual_send","provider":"twilio","to":"5562999669966","status":"skipped","metadata":{"event":"manual_send","to":"5562999669966","message":"Teste manual de WhatsApp","userId":1,"verifyFinalStatus":true},"providerMessageId":null,"error":"Configuracao Twilio ausente: TWILIO_ACCOUNT_SID, TWILIO_AUTH_TOKEN, TWILIO_TEMPLATE_GENERIC_SID.","response":null}
{"at":"2026-05-21T15:13:08.166Z","event":"manual_test","provider":"twilio","to":"5562999669966","status":"skipped","metadata":{"event":"manual_test","to":"5562999669966","message":"Envio de mensagem teste","userId":1,"verifyFinalStatus":true},"error":"WhatsApp desabilitado por configuração."}
{"at":"2026-05-21T15:13:08.473Z","event":"password_reset","provider":"twilio","to":"5562999999999","status":"skipped","metadata":{"event":"password_reset","userId":21,"email":"ana@example.com","link":"https://meu-sistema-nps.vercel.app/perfil"},"error":"WhatsApp desabilitado por configuração."}
{"at":"2026-05-21T15:13:08.768Z","event":"password_reset","provider":"twilio","to":"5562888888888","status":"skipped","metadata":{"event":"password_reset","userId":22,"email":"bruno@example.com","link":"https://meu-sistema-nps.vercel.app/perfil"},"error":"WhatsApp desabilitado por configuração."}
{"at":"2026-05-21T15:20:11.990Z","event":"user_welcome","provider":"twilio","to":"5562999999999","status":"skipped","metadata":{"event":"user_welcome","userId":77,"email":"maria@example.com"},"error":"WhatsApp desabilitado por configuração."}
{"at":"2026-05-21T15:20:13.966Z","event":"manual_send","provider":"twilio","to":"5562999669966","status":"skipped","metadata":{"event":"manual_send","to":"5562999669966","message":"Teste manual de WhatsApp","userId":1,"verifyFinalStatus":true},"providerMessageId":null,"error":"Configuracao Twilio ausente: TWILIO_ACCOUNT_SID, TWILIO_AUTH_TOKEN, TWILIO_TEMPLATE_GENERIC_SID.","response":null}
{"at":"2026-05-21T15:20:14.006Z","event":"manual_test","provider":"twilio","to":"5562999669966","status":"skipped","metadata":{"event":"manual_test","to":"5562999669966","message":"Envio de mensagem teste","userId":1,"verifyFinalStatus":true},"error":"WhatsApp desabilitado por configuração."}
{"at":"2026-05-21T15:20:14.335Z","event":"password_reset","provider":"twilio","to":"5562999999999","status":"skipped","metadata":{"event":"password_reset","userId":21,"email":"ana@example.com","link":"https://meu-sistema-nps.vercel.app/perfil"},"error":"WhatsApp desabilitado por configuração."}
{"at":"2026-05-21T15:20:14.486Z","event":"password_reset","provider":"twilio","to":"5562888888888","status":"skipped","metadata":{"event":"password_reset","userId":22,"email":"bruno@example.com","link":"https://meu-sistema-nps.vercel.app/perfil"},"error":"WhatsApp desabilitado por configuração."}
{"at":"2026-05-21T15:22:03.857Z","event":"user_welcome","provider":"twilio","to":"5562999999999","status":"skipped","metadata":{"event":"user_welcome","userId":77,"email":"maria@example.com"},"error":"WhatsApp desabilitado por configuração."}
{"at":"2026-05-21T15:22:06.359Z","event":"manual_send","provider":"twilio","to":"5562999669966","status":"skipped","metadata":{"event":"manual_send","to":"5562999669966","message":"Teste manual de WhatsApp","userId":1,"verifyFinalStatus":true},"providerMessageId":null,"error":"Configuracao Twilio ausente: TWILIO_ACCOUNT_SID, TWILIO_AUTH_TOKEN, TWILIO_TEMPLATE_GENERIC_SID.","response":null}
{"at":"2026-05-21T15:22:06.420Z","event":"manual_test","provider":"twilio","to":"5562999669966","status":"skipped","metadata":{"event":"manual_test","to":"5562999669966","message":"Envio de mensagem teste","userId":1,"verifyFinalStatus":true},"error":"WhatsApp desabilitado por configuração."}
{"at":"2026-05-21T15:22:06.744Z","event":"password_reset","provider":"twilio","to":"5562999999999","status":"skipped","metadata":{"event":"password_reset","userId":21,"email":"ana@example.com","link":"https://meu-sistema-nps.vercel.app/perfil"},"error":"WhatsApp desabilitado por configuração."}
{"at":"2026-05-21T15:22:06.990Z","event":"password_reset","provider":"twilio","to":"5562888888888","status":"skipped","metadata":{"event":"password_reset","userId":22,"email":"bruno@example.com","link":"https://meu-sistema-nps.vercel.app/perfil"},"error":"WhatsApp desabilitado por configuração."}
{"at":"2026-05-21T16:51:39.364Z","event":"user_welcome","provider":"twilio","to":"5562999999999","status":"skipped","metadata":{"event":"user_welcome","userId":77,"email":"maria@example.com"},"error":"WhatsApp desabilitado por configuração."}
{"at":"2026-05-21T16:51:40.451Z","event":"manual_send","provider":"twilio","to":"5562999669966","status":"skipped","metadata":{"event":"manual_send","to":"5562999669966","message":"Teste manual de WhatsApp","userId":1,"verifyFinalStatus":true},"providerMessageId":null,"error":"Configuracao Twilio ausente: TWILIO_ACCOUNT_SID, TWILIO_AUTH_TOKEN, TWILIO_TEMPLATE_GENERIC_SID.","response":null}
{"at":"2026-05-21T16:51:40.478Z","event":"manual_test","provider":"twilio","to":"5562999669966","status":"skipped","metadata":{"event":"manual_test","to":"5562999669966","message":"Envio de mensagem teste","userId":1,"verifyFinalStatus":true},"error":"WhatsApp desabilitado por configuração."}
{"at":"2026-05-21T16:51:40.684Z","event":"password_reset","provider":"twilio","to":"5562999999999","status":"skipped","metadata":{"event":"password_reset","userId":21,"email":"ana@example.com","link":"https://meu-sistema-nps.vercel.app/perfil"},"error":"WhatsApp desabilitado por configuração."}
{"at":"2026-05-21T16:51:40.829Z","event":"password_reset","provider":"twilio","to":"5562888888888","status":"skipped","metadata":{"event":"password_reset","userId":22,"email":"bruno@example.com","link":"https://meu-sistema-nps.vercel.app/perfil"},"error":"WhatsApp desabilitado por configuração."}
{"at":"2026-05-21T17:08:26.724Z","event":"user_welcome","provider":"twilio","to":"5562999999999","status":"skipped","metadata":{"event":"user_welcome","userId":77,"email":"maria@example.com"},"error":"WhatsApp desabilitado por configuração."}
{"at":"2026-05-21T17:08:27.934Z","event":"manual_send","provider":"twilio","to":"5562999669966","status":"skipped","metadata":{"event":"manual_send","to":"5562999669966","message":"Teste manual de WhatsApp","userId":1,"verifyFinalStatus":true},"providerMessageId":null,"error":"Configuracao Twilio ausente: TWILIO_ACCOUNT_SID, TWILIO_AUTH_TOKEN, TWILIO_TEMPLATE_GENERIC_SID.","response":null}
{"at":"2026-05-21T17:08:27.958Z","event":"manual_test","provider":"twilio","to":"5562999669966","status":"skipped","metadata":{"event":"manual_test","to":"5562999669966","message":"Envio de mensagem teste","userId":1,"verifyFinalStatus":true},"error":"WhatsApp desabilitado por configuração."}
{"at":"2026-05-21T17:08:28.146Z","event":"password_reset","provider":"twilio","to":"5562999999999","status":"skipped","metadata":{"event":"password_reset","userId":21,"email":"ana@example.com","link":"https://meu-sistema-nps.vercel.app/perfil"},"error":"WhatsApp desabilitado por configuração."}
{"at":"2026-05-21T17:08:28.350Z","event":"password_reset","provider":"twilio","to":"5562888888888","status":"skipped","metadata":{"event":"password_reset","userId":22,"email":"bruno@example.com","link":"https://meu-sistema-nps.vercel.app/perfil"},"error":"WhatsApp desabilitado por configuração."}
{"at":"2026-05-21T17:34:17.114Z","event":"user_welcome","provider":"twilio","to":"5562999999999","status":"skipped","metadata":{"event":"user_welcome","userId":77,"email":"maria@example.com"},"error":"WhatsApp desabilitado por configuração."}
{"at":"2026-05-21T17:34:17.941Z","event":"manual_send","provider":"twilio","to":"5562999669966","status":"skipped","metadata":{"event":"manual_send","to":"5562999669966","message":"Teste manual de WhatsApp","userId":1,"verifyFinalStatus":true},"providerMessageId":null,"error":"Configuracao Twilio ausente: TWILIO_ACCOUNT_SID, TWILIO_AUTH_TOKEN, TWILIO_TEMPLATE_GENERIC_SID.","response":null}
{"at":"2026-05-21T17:34:17.955Z","event":"manual_test","provider":"twilio","to":"5562999669966","status":"skipped","metadata":{"event":"manual_test","to":"5562999669966","message":"Envio de mensagem teste","userId":1,"verifyFinalStatus":true},"error":"WhatsApp desabilitado por configuração."}
{"at":"2026-05-21T17:34:18.102Z","event":"password_reset","provider":"twilio","to":"5562999999999","status":"skipped","metadata":{"event":"password_reset","userId":21,"email":"ana@example.com","link":"https://meu-sistema-nps.vercel.app/perfil"},"error":"WhatsApp desabilitado por configuração."}
{"at":"2026-05-21T17:34:18.225Z","event":"password_reset","provider":"twilio","to":"5562888888888","status":"skipped","metadata":{"event":"password_reset","userId":22,"email":"bruno@example.com","link":"https://meu-sistema-nps.vercel.app/perfil"},"error":"WhatsApp desabilitado por configuração."}
{"at":"2026-05-21T17:34:53.678Z","event":"user_welcome","provider":"twilio","to":"5562999999999","status":"skipped","metadata":{"event":"user_welcome","userId":77,"email":"maria@example.com"},"error":"WhatsApp desabilitado por configuração."}
{"at":"2026-05-21T17:34:54.764Z","event":"manual_send","provider":"twilio","to":"5562999669966","status":"skipped","metadata":{"event":"manual_send","to":"5562999669966","message":"Teste manual de WhatsApp","userId":1,"verifyFinalStatus":true},"providerMessageId":null,"error":"Configuracao Twilio ausente: TWILIO_ACCOUNT_SID, TWILIO_AUTH_TOKEN, TWILIO_TEMPLATE_GENERIC_SID.","response":null}
{"at":"2026-05-21T17:34:54.784Z","event":"manual_test","provider":"twilio","to":"5562999669966","status":"skipped","metadata":{"event":"manual_test","to":"5562999669966","message":"Envio de mensagem teste","userId":1,"verifyFinalStatus":true},"error":"WhatsApp desabilitado por configuração."}
{"at":"2026-05-21T17:34:54.966Z","event":"password_reset","provider":"twilio","to":"5562999999999","status":"skipped","metadata":{"event":"password_reset","userId":21,"email":"ana@example.com","link":"https://meu-sistema-nps.vercel.app/perfil"},"error":"WhatsApp desabilitado por configuração."}
{"at":"2026-05-21T17:34:55.112Z","event":"password_reset","provider":"twilio","to":"5562888888888","status":"skipped","metadata":{"event":"password_reset","userId":22,"email":"bruno@example.com","link":"https://meu-sistema-nps.vercel.app/perfil"},"error":"WhatsApp desabilitado por configuração."}
{"at":"2026-05-21T17:36:48.927Z","event":"user_welcome","provider":"twilio","to":"5562999999999","status":"skipped","metadata":{"event":"user_welcome","userId":77,"email":"maria@example.com"},"error":"WhatsApp desabilitado por configuração."}
{"at":"2026-05-21T17:36:50.537Z","event":"manual_send","provider":"twilio","to":"5562999669966","status":"skipped","metadata":{"event":"manual_send","to":"5562999669966","message":"Teste manual de WhatsApp","userId":1,"verifyFinalStatus":true},"providerMessageId":null,"error":"Configuracao Twilio ausente: TWILIO_ACCOUNT_SID, TWILIO_AUTH_TOKEN, TWILIO_TEMPLATE_GENERIC_SID.","response":null}
{"at":"2026-05-21T17:36:50.608Z","event":"manual_test","provider":"twilio","to":"5562999669966","status":"skipped","metadata":{"event":"manual_test","to":"5562999669966","message":"Envio de mensagem teste","userId":1,"verifyFinalStatus":true},"error":"WhatsApp desabilitado por configuração."}
{"at":"2026-05-21T17:36:50.919Z","event":"password_reset","provider":"twilio","to":"5562999999999","status":"skipped","metadata":{"event":"password_reset","userId":21,"email":"ana@example.com","link":"https://meu-sistema-nps.vercel.app/perfil"},"error":"WhatsApp desabilitado por configuração."}
{"at":"2026-05-21T17:36:51.143Z","event":"password_reset","provider":"twilio","to":"5562888888888","status":"skipped","metadata":{"event":"password_reset","userId":22,"email":"bruno@example.com","link":"https://meu-sistema-nps.vercel.app/perfil"},"error":"WhatsApp desabilitado por configuração."}
{"at":"2026-05-21T17:42:32.747Z","event":"user_welcome","provider":"twilio","to":"5562999999999","status":"skipped","metadata":{"event":"user_welcome","userId":77,"email":"maria@example.com"},"error":"WhatsApp desabilitado por configuração."}
{"at":"2026-05-21T17:42:35.119Z","event":"manual_send","provider":"twilio","to":"5562999669966","status":"skipped","metadata":{"event":"manual_send","to":"5562999669966","message":"Teste manual de WhatsApp","userId":1,"verifyFinalStatus":true},"providerMessageId":null,"error":"Configuracao Twilio ausente: TWILIO_ACCOUNT_SID, TWILIO_AUTH_TOKEN, TWILIO_TEMPLATE_GENERIC_SID.","response":null}
{"at":"2026-05-21T17:42:35.149Z","event":"manual_test","provider":"twilio","to":"5562999669966","status":"skipped","metadata":{"event":"manual_test","to":"5562999669966","message":"Envio de mensagem teste","userId":1,"verifyFinalStatus":true},"error":"WhatsApp desabilitado por configuração."}
{"at":"2026-05-21T17:42:35.431Z","event":"password_reset","provider":"twilio","to":"5562999999999","status":"skipped","metadata":{"event":"password_reset","userId":21,"email":"ana@example.com","link":"https://meu-sistema-nps.vercel.app/perfil"},"error":"WhatsApp desabilitado por configuração."}
{"at":"2026-05-21T17:42:35.647Z","event":"password_reset","provider":"twilio","to":"5562888888888","status":"skipped","metadata":{"event":"password_reset","userId":22,"email":"bruno@example.com","link":"https://meu-sistema-nps.vercel.app/perfil"},"error":"WhatsApp desabilitado por configuração."}
{"at":"2026-05-21T17:43:02.106Z","event":"user_welcome","provider":"twilio","to":"5562999999999","status":"skipped","metadata":{"event":"user_welcome","userId":77,"email":"maria@example.com"},"error":"WhatsApp desabilitado por configuração."}
{"at":"2026-05-21T17:43:03.706Z","event":"manual_send","provider":"twilio","to":"5562999669966","status":"skipped","metadata":{"event":"manual_send","to":"5562999669966","message":"Teste manual de WhatsApp","userId":1,"verifyFinalStatus":true},"providerMessageId":null,"error":"Configuracao Twilio ausente: TWILIO_ACCOUNT_SID, TWILIO_AUTH_TOKEN, TWILIO_TEMPLATE_GENERIC_SID.","response":null}
{"at":"2026-05-21T17:43:03.747Z","event":"manual_test","provider":"twilio","to":"5562999669966","status":"skipped","metadata":{"event":"manual_test","to":"5562999669966","message":"Envio de mensagem teste","userId":1,"verifyFinalStatus":true},"error":"WhatsApp desabilitado por configuração."}
{"at":"2026-05-21T17:43:04.124Z","event":"password_reset","provider":"twilio","to":"5562999999999","status":"skipped","metadata":{"event":"password_reset","userId":21,"email":"ana@example.com","link":"https://meu-sistema-nps.vercel.app/perfil"},"error":"WhatsApp desabilitado por configuração."}
{"at":"2026-05-21T17:43:04.339Z","event":"password_reset","provider":"twilio","to":"5562888888888","status":"skipped","metadata":{"event":"password_reset","userId":22,"email":"bruno@example.com","link":"https://meu-sistema-nps.vercel.app/perfil"},"error":"WhatsApp desabilitado por configuração."}
{"at":"2026-05-21T18:11:17.390Z","event":"user_welcome","provider":"twilio","to":"5562999999999","status":"skipped","metadata":{"event":"user_welcome","userId":77,"email":"maria@example.com"},"error":"WhatsApp desabilitado por configuração."}
{"at":"2026-05-21T18:11:22.603Z","event":"manual_send","provider":"twilio","to":"5562999669966","status":"skipped","metadata":{"event":"manual_send","to":"5562999669966","message":"Teste manual de WhatsApp","userId":1,"verifyFinalStatus":true},"providerMessageId":null,"error":"Configuracao Twilio ausente: TWILIO_ACCOUNT_SID, TWILIO_AUTH_TOKEN, TWILIO_TEMPLATE_GENERIC_SID.","response":null}
{"at":"2026-05-21T18:11:22.634Z","event":"manual_test","provider":"twilio","to":"5562999669966","status":"skipped","metadata":{"event":"manual_test","to":"5562999669966","message":"Envio de mensagem teste","userId":1,"verifyFinalStatus":true},"error":"WhatsApp desabilitado por configuração."}
{"at":"2026-05-21T18:11:22.954Z","event":"password_reset","provider":"twilio","to":"5562999999999","status":"skipped","metadata":{"event":"password_reset","userId":21,"email":"ana@example.com","link":"https://meu-sistema-nps.vercel.app/perfil"},"error":"WhatsApp desabilitado por configuração."}
{"at":"2026-05-21T18:11:23.241Z","event":"password_reset","provider":"twilio","to":"5562888888888","status":"skipped","metadata":{"event":"password_reset","userId":22,"email":"bruno@example.com","link":"https://meu-sistema-nps.vercel.app/perfil"},"error":"WhatsApp desabilitado por configuração."}
{"at":"2026-05-21T18:49:28.492Z","event":"user_welcome","provider":"twilio","to":"5562999999999","status":"skipped","metadata":{"event":"user_welcome","userId":77,"email":"maria@example.com"},"error":"WhatsApp desabilitado por configuração."}
{"at":"2026-05-21T18:49:29.694Z","event":"manual_send","provider":"twilio","to":"5562999669966","status":"skipped","metadata":{"event":"manual_send","to":"5562999669966","message":"Teste manual de WhatsApp","userId":1,"verifyFinalStatus":true},"providerMessageId":null,"error":"Configuracao Twilio ausente: TWILIO_ACCOUNT_SID, TWILIO_AUTH_TOKEN, TWILIO_TEMPLATE_GENERIC_SID.","response":null}
{"at":"2026-05-21T18:49:29.714Z","event":"manual_test","provider":"twilio","to":"5562999669966","status":"skipped","metadata":{"event":"manual_test","to":"5562999669966","message":"Envio de mensagem teste","userId":1,"verifyFinalStatus":true},"error":"WhatsApp desabilitado por configuração."}
{"at":"2026-05-21T18:49:29.883Z","event":"password_reset","provider":"twilio","to":"5562999999999","status":"skipped","metadata":{"event":"password_reset","userId":21,"email":"ana@example.com","link":"https://meu-sistema-nps.vercel.app/perfil"},"error":"WhatsApp desabilitado por configuração."}
{"at":"2026-05-21T18:49:30.023Z","event":"password_reset","provider":"twilio","to":"5562888888888","status":"skipped","metadata":{"event":"password_reset","userId":22,"email":"bruno@example.com","link":"https://meu-sistema-nps.vercel.app/perfil"},"error":"WhatsApp desabilitado por configuração."}
{"at":"2026-05-21T20:15:11.830Z","event":"user_welcome","provider":"twilio","to":"5562999999999","status":"skipped","metadata":{"event":"user_welcome","userId":77,"email":"maria@example.com"},"error":"WhatsApp desabilitado por configuração."}
{"at":"2026-05-21T20:15:13.837Z","event":"manual_send","provider":"twilio","to":"5562999669966","status":"skipped","metadata":{"event":"manual_send","to":"5562999669966","message":"Teste manual de WhatsApp","userId":1,"verifyFinalStatus":true},"providerMessageId":null,"error":"Configuracao Twilio ausente: TWILIO_ACCOUNT_SID, TWILIO_AUTH_TOKEN, TWILIO_TEMPLATE_GENERIC_SID.","response":null}
{"at":"2026-05-21T20:15:13.870Z","event":"manual_test","provider":"twilio","to":"5562999669966","status":"skipped","metadata":{"event":"manual_test","to":"5562999669966","message":"Envio de mensagem teste","userId":1,"verifyFinalStatus":true},"error":"WhatsApp desabilitado por configuração."}
{"at":"2026-05-21T20:15:14.126Z","event":"password_reset","provider":"twilio","to":"5562999999999","status":"skipped","metadata":{"event":"password_reset","userId":21,"email":"ana@example.com","link":"https://meu-sistema-nps.vercel.app/perfil"},"error":"WhatsApp desabilitado por configuração."}
{"at":"2026-05-21T20:15:14.329Z","event":"password_reset","provider":"twilio","to":"5562888888888","status":"skipped","metadata":{"event":"password_reset","userId":22,"email":"bruno@example.com","link":"https://meu-sistema-nps.vercel.app/perfil"},"error":"WhatsApp desabilitado por configuração."}
{"at":"2026-05-22T12:14:58.404Z","event":"user_welcome","provider":"twilio","to":"5562999999999","status":"skipped","metadata":{"event":"user_welcome","userId":77,"email":"maria@example.com"},"error":"WhatsApp desabilitado por configuração."}
{"at":"2026-05-22T12:15:02.318Z","event":"manual_send","provider":"twilio","to":"5562999669966","status":"skipped","metadata":{"event":"manual_send","to":"5562999669966","message":"Teste manual de WhatsApp","userId":1,"verifyFinalStatus":true},"providerMessageId":null,"error":"Configuracao Twilio ausente: TWILIO_ACCOUNT_SID, TWILIO_AUTH_TOKEN, TWILIO_TEMPLATE_GENERIC_SID.","response":null}
{"at":"2026-05-22T12:15:02.391Z","event":"manual_test","provider":"twilio","to":"5562999669966","status":"skipped","metadata":{"event":"manual_test","to":"5562999669966","message":"Envio de mensagem teste","userId":1,"verifyFinalStatus":true},"error":"WhatsApp desabilitado por configuração."}
{"at":"2026-05-22T12:15:03.177Z","event":"password_reset","provider":"twilio","to":"5562999999999","status":"skipped","metadata":{"event":"password_reset","userId":21,"email":"ana@example.com","link":"https://meu-sistema-nps.vercel.app/perfil"},"error":"WhatsApp desabilitado por configuração."}
{"at":"2026-05-22T12:15:03.960Z","event":"password_reset","provider":"twilio","to":"5562888888888","status":"skipped","metadata":{"event":"password_reset","userId":22,"email":"bruno@example.com","link":"https://meu-sistema-nps.vercel.app/perfil"},"error":"WhatsApp desabilitado por configuração."}
{"at":"2026-05-22T12:22:29.596Z","event":"user_welcome","provider":"twilio","to":"5562999999999","status":"skipped","metadata":{"event":"user_welcome","userId":77,"email":"maria@example.com"},"error":"WhatsApp desabilitado por configuração."}
{"at":"2026-05-22T12:22:31.628Z","event":"manual_send","provider":"twilio","to":"5562999669966","status":"skipped","metadata":{"event":"manual_send","to":"5562999669966","message":"Teste manual de WhatsApp","userId":1,"verifyFinalStatus":true},"providerMessageId":null,"error":"Configuracao Twilio ausente: TWILIO_ACCOUNT_SID, TWILIO_AUTH_TOKEN, TWILIO_TEMPLATE_GENERIC_SID.","response":null}
{"at":"2026-05-22T12:22:31.667Z","event":"manual_test","provider":"twilio","to":"5562999669966","status":"skipped","metadata":{"event":"manual_test","to":"5562999669966","message":"Envio de mensagem teste","userId":1,"verifyFinalStatus":true},"error":"WhatsApp desabilitado por configuração."}
{"at":"2026-05-22T12:22:31.983Z","event":"password_reset","provider":"twilio","to":"5562999999999","status":"skipped","metadata":{"event":"password_reset","userId":21,"email":"ana@example.com","link":"https://meu-sistema-nps.vercel.app/perfil"},"error":"WhatsApp desabilitado por configuração."}
{"at":"2026-05-22T12:22:32.194Z","event":"password_reset","provider":"twilio","to":"5562888888888","status":"skipped","metadata":{"event":"password_reset","userId":22,"email":"bruno@example.com","link":"https://meu-sistema-nps.vercel.app/perfil"},"error":"WhatsApp desabilitado por configuração."}
{"at":"2026-05-22T13:12:08.236Z","event":"user_welcome","provider":"twilio","to":"5562999999999","status":"skipped","metadata":{"event":"user_welcome","userId":77,"email":"maria@example.com"},"error":"WhatsApp desabilitado por configuração."}
{"at":"2026-05-22T13:12:09.810Z","event":"manual_send","provider":"twilio","to":"5562999669966","status":"skipped","metadata":{"event":"manual_send","to":"5562999669966","message":"Teste manual de WhatsApp","userId":1,"verifyFinalStatus":true},"providerMessageId":null,"error":"Configuracao Twilio ausente: TWILIO_ACCOUNT_SID, TWILIO_AUTH_TOKEN, TWILIO_TEMPLATE_GENERIC_SID.","response":null}
{"at":"2026-05-22T13:12:09.858Z","event":"manual_test","provider":"twilio","to":"5562999669966","status":"skipped","metadata":{"event":"manual_test","to":"5562999669966","message":"Envio de mensagem teste","userId":1,"verifyFinalStatus":true},"error":"WhatsApp desabilitado por configuração."}
{"at":"2026-05-22T13:12:10.147Z","event":"password_reset","provider":"twilio","to":"5562999999999","status":"skipped","metadata":{"event":"password_reset","userId":21,"email":"ana@example.com","link":"https://meu-sistema-nps.vercel.app/perfil"},"error":"WhatsApp desabilitado por configuração."}
{"at":"2026-05-22T13:12:10.389Z","event":"password_reset","provider":"twilio","to":"5562888888888","status":"skipped","metadata":{"event":"password_reset","userId":22,"email":"bruno@example.com","link":"https://meu-sistema-nps.vercel.app/perfil"},"error":"WhatsApp desabilitado por configuração."}
{"at":"2026-05-22T13:30:18.614Z","event":"user_welcome","provider":"twilio","to":"5562999999999","status":"skipped","metadata":{"event":"user_welcome","userId":77,"email":"maria@example.com"},"error":"WhatsApp desabilitado por configuração."}
{"at":"2026-05-22T13:30:20.279Z","event":"manual_send","provider":"twilio","to":"5562999669966","status":"skipped","metadata":{"event":"manual_send","to":"5562999669966","message":"Teste manual de WhatsApp","userId":1,"verifyFinalStatus":true},"providerMessageId":null,"error":"Configuracao Twilio ausente: TWILIO_ACCOUNT_SID, TWILIO_AUTH_TOKEN, TWILIO_TEMPLATE_GENERIC_SID.","response":null}
{"at":"2026-05-22T13:30:20.308Z","event":"manual_test","provider":"twilio","to":"5562999669966","status":"skipped","metadata":{"event":"manual_test","to":"5562999669966","message":"Envio de mensagem teste","userId":1,"verifyFinalStatus":true},"error":"WhatsApp desabilitado por configuração."}
{"at":"2026-05-22T13:30:20.528Z","event":"password_reset","provider":"twilio","to":"5562999999999","status":"skipped","metadata":{"event":"password_reset","userId":21,"email":"ana@example.com","link":"https://meu-sistema-nps.vercel.app/perfil"},"error":"WhatsApp desabilitado por configuração."}
{"at":"2026-05-22T13:30:20.716Z","event":"password_reset","provider":"twilio","to":"5562888888888","status":"skipped","metadata":{"event":"password_reset","userId":22,"email":"bruno@example.com","link":"https://meu-sistema-nps.vercel.app/perfil"},"error":"WhatsApp desabilitado por configuração."}
{"at":"2026-05-22T14:02:50.036Z","event":"user_welcome","provider":"twilio","to":"5562999999999","status":"skipped","metadata":{"event":"user_welcome","userId":77,"email":"maria@example.com"},"error":"WhatsApp desabilitado por configuração."}
{"at":"2026-05-22T14:02:51.647Z","event":"manual_send","provider":"twilio","to":"5562999669966","status":"skipped","metadata":{"event":"manual_send","to":"5562999669966","message":"Teste manual de WhatsApp","userId":1,"verifyFinalStatus":true},"providerMessageId":null,"error":"Configuracao Twilio ausente: TWILIO_ACCOUNT_SID, TWILIO_AUTH_TOKEN, TWILIO_TEMPLATE_GENERIC_SID.","response":null}
{"at":"2026-05-22T14:02:51.667Z","event":"manual_test","provider":"twilio","to":"5562999669966","status":"skipped","metadata":{"event":"manual_test","to":"5562999669966","message":"Envio de mensagem teste","userId":1,"verifyFinalStatus":true},"error":"WhatsApp desabilitado por configuração."}
{"at":"2026-05-22T14:02:51.833Z","event":"password_reset","provider":"twilio","to":"5562999999999","status":"skipped","metadata":{"event":"password_reset","userId":21,"email":"ana@example.com","link":"https://meu-sistema-nps.vercel.app/perfil"},"error":"WhatsApp desabilitado por configuração."}
{"at":"2026-05-22T14:02:52.006Z","event":"password_reset","provider":"twilio","to":"5562888888888","status":"skipped","metadata":{"event":"password_reset","userId":22,"email":"bruno@example.com","link":"https://meu-sistema-nps.vercel.app/perfil"},"error":"WhatsApp desabilitado por configuração."}
{"at":"2026-05-22T14:38:22.023Z","event":"user_welcome","provider":"twilio","to":"5562999999999","status":"skipped","metadata":{"event":"user_welcome","userId":77,"email":"maria@example.com"},"error":"WhatsApp desabilitado por configuração."}
{"at":"2026-05-22T14:38:22.658Z","event":"manual_send","provider":"twilio","to":"5562999669966","status":"skipped","metadata":{"event":"manual_send","to":"5562999669966","message":"Teste manual de WhatsApp","userId":1,"verifyFinalStatus":true},"providerMessageId":null,"error":"Configuracao Twilio ausente: TWILIO_ACCOUNT_SID, TWILIO_AUTH_TOKEN, TWILIO_TEMPLATE_GENERIC_SID.","response":null}
{"at":"2026-05-22T14:38:22.706Z","event":"manual_test","provider":"twilio","to":"5562999669966","status":"skipped","metadata":{"event":"manual_test","to":"5562999669966","message":"Envio de mensagem teste","userId":1,"verifyFinalStatus":true},"error":"WhatsApp desabilitado por configuração."}
{"at":"2026-05-22T14:38:22.929Z","event":"password_reset","provider":"twilio","to":"5562999999999","status":"skipped","metadata":{"event":"password_reset","userId":21,"email":"ana@example.com","link":"https://meu-sistema-nps.vercel.app/perfil"},"error":"WhatsApp desabilitado por configuração."}
{"at":"2026-05-22T14:38:23.071Z","event":"password_reset","provider":"twilio","to":"5562888888888","status":"skipped","metadata":{"event":"password_reset","userId":22,"email":"bruno@example.com","link":"https://meu-sistema-nps.vercel.app/perfil"},"error":"WhatsApp desabilitado por configuração."}
{"at":"2026-05-22T17:00:42.057Z","event":"user_welcome","provider":"twilio","to":"5562999999999","status":"skipped","metadata":{"event":"user_welcome","userId":77,"email":"maria@example.com"},"error":"WhatsApp desabilitado por configuração."}
{"at":"2026-05-22T17:00:42.781Z","event":"manual_send","provider":"twilio","to":"5562999669966","status":"skipped","metadata":{"event":"manual_send","to":"5562999669966","message":"Teste manual de WhatsApp","userId":1,"verifyFinalStatus":true},"providerMessageId":null,"error":"Configuracao Twilio ausente: TWILIO_ACCOUNT_SID, TWILIO_AUTH_TOKEN, TWILIO_TEMPLATE_GENERIC_SID.","response":null}
{"at":"2026-05-22T17:00:42.795Z","event":"manual_test","provider":"twilio","to":"5562999669966","status":"skipped","metadata":{"event":"manual_test","to":"5562999669966","message":"Envio de mensagem teste","userId":1,"verifyFinalStatus":true},"error":"WhatsApp desabilitado por configuração."}
{"at":"2026-05-22T17:00:42.931Z","event":"password_reset","provider":"twilio","to":"5562999999999","status":"skipped","metadata":{"event":"password_reset","userId":21,"email":"ana@example.com","link":"https://meu-sistema-nps.vercel.app/perfil"},"error":"WhatsApp desabilitado por configuração."}
{"at":"2026-05-22T17:00:42.998Z","event":"password_reset","provider":"twilio","to":"5562888888888","status":"skipped","metadata":{"event":"password_reset","userId":22,"email":"bruno@example.com","link":"https://meu-sistema-nps.vercel.app/perfil"},"error":"WhatsApp desabilitado por configuração."}
{"at":"2026-05-22T17:05:47.634Z","event":"user_welcome","provider":"twilio","to":"5562999999999","status":"skipped","metadata":{"event":"user_welcome","userId":77,"email":"maria@example.com"},"error":"WhatsApp desabilitado por configuração."}
{"at":"2026-05-22T17:05:48.071Z","event":"manual_send","provider":"twilio","to":"5562999669966","status":"skipped","metadata":{"event":"manual_send","to":"5562999669966","message":"Teste manual de WhatsApp","userId":1,"verifyFinalStatus":true},"providerMessageId":null,"error":"Configuracao Twilio ausente: TWILIO_ACCOUNT_SID, TWILIO_AUTH_TOKEN, TWILIO_TEMPLATE_GENERIC_SID.","response":null}
{"at":"2026-05-22T17:05:48.077Z","event":"manual_test","provider":"twilio","to":"5562999669966","status":"skipped","metadata":{"event":"manual_test","to":"5562999669966","message":"Envio de mensagem teste","userId":1,"verifyFinalStatus":true},"error":"WhatsApp desabilitado por configuração."}
{"at":"2026-05-22T17:05:48.140Z","event":"password_reset","provider":"twilio","to":"5562999999999","status":"skipped","metadata":{"event":"password_reset","userId":21,"email":"ana@example.com","link":"https://meu-sistema-nps.vercel.app/perfil"},"error":"WhatsApp desabilitado por configuração."}
{"at":"2026-05-22T17:05:48.196Z","event":"password_reset","provider":"twilio","to":"5562888888888","status":"skipped","metadata":{"event":"password_reset","userId":22,"email":"bruno@example.com","link":"https://meu-sistema-nps.vercel.app/perfil"},"error":"WhatsApp desabilitado por configuração."}
{"at":"2026-05-22T17:27:34.149Z","event":"user_welcome","provider":"twilio","to":"5562999999999","status":"skipped","metadata":{"event":"user_welcome","userId":77,"email":"maria@example.com"},"error":"WhatsApp desabilitado por configuração."}
{"at":"2026-05-22T17:27:35.636Z","event":"manual_send","provider":"twilio","to":"5562999669966","status":"skipped","metadata":{"event":"manual_send","to":"5562999669966","message":"Teste manual de WhatsApp","userId":1,"verifyFinalStatus":true},"providerMessageId":null,"error":"Configuracao Twilio ausente: TWILIO_ACCOUNT_SID, TWILIO_AUTH_TOKEN, TWILIO_TEMPLATE_GENERIC_SID.","response":null}
{"at":"2026-05-22T17:27:35.651Z","event":"manual_test","provider":"twilio","to":"5562999669966","status":"skipped","metadata":{"event":"manual_test","to":"5562999669966","message":"Envio de mensagem teste","userId":1,"verifyFinalStatus":true},"error":"WhatsApp desabilitado por configuração."}
{"at":"2026-05-22T17:27:35.801Z","event":"password_reset","provider":"twilio","to":"5562999999999","status":"skipped","metadata":{"event":"password_reset","userId":21,"email":"ana@example.com","link":"https://meu-sistema-nps.vercel.app/perfil"},"error":"WhatsApp desabilitado por configuração."}
{"at":"2026-05-22T17:27:36.017Z","event":"password_reset","provider":"twilio","to":"5562888888888","status":"skipped","metadata":{"event":"password_reset","userId":22,"email":"bruno@example.com","link":"https://meu-sistema-nps.vercel.app/perfil"},"error":"WhatsApp desabilitado por configuração."}
{"at":"2026-05-22T17:34:54.955Z","event":"user_welcome","provider":"twilio","to":"5562999999999","status":"skipped","metadata":{"event":"user_welcome","userId":77,"email":"maria@example.com"},"error":"WhatsApp desabilitado por configuração."}
{"at":"2026-05-22T17:34:55.385Z","event":"manual_send","provider":"twilio","to":"5562999669966","status":"skipped","metadata":{"event":"manual_send","to":"5562999669966","message":"Teste manual de WhatsApp","userId":1,"verifyFinalStatus":true},"providerMessageId":null,"error":"Configuracao Twilio ausente: TWILIO_ACCOUNT_SID, TWILIO_AUTH_TOKEN, TWILIO_TEMPLATE_GENERIC_SID.","response":null}
{"at":"2026-05-22T17:34:55.393Z","event":"manual_test","provider":"twilio","to":"5562999669966","status":"skipped","metadata":{"event":"manual_test","to":"5562999669966","message":"Envio de mensagem teste","userId":1,"verifyFinalStatus":true},"error":"WhatsApp desabilitado por configuração."}
{"at":"2026-05-22T17:34:55.462Z","event":"password_reset","provider":"twilio","to":"5562999999999","status":"skipped","metadata":{"event":"password_reset","userId":21,"email":"ana@example.com","link":"https://meu-sistema-nps.vercel.app/perfil"},"error":"WhatsApp desabilitado por configuração."}
{"at":"2026-05-22T17:34:55.527Z","event":"password_reset","provider":"twilio","to":"5562888888888","status":"skipped","metadata":{"event":"password_reset","userId":22,"email":"bruno@example.com","link":"https://meu-sistema-nps.vercel.app/perfil"},"error":"WhatsApp desabilitado por configuração."}
{"at":"2026-05-22T17:44:53.218Z","event":"user_welcome","provider":"twilio","to":"5562999999999","status":"skipped","metadata":{"event":"user_welcome","userId":77,"email":"maria@example.com"},"error":"WhatsApp desabilitado por configuração."}
{"at":"2026-05-22T17:44:54.704Z","event":"manual_send","provider":"twilio","to":"5562999669966","status":"skipped","metadata":{"event":"manual_send","to":"5562999669966","message":"Teste manual de WhatsApp","userId":1,"verifyFinalStatus":true},"providerMessageId":null,"error":"Configuracao Twilio ausente: TWILIO_ACCOUNT_SID, TWILIO_AUTH_TOKEN, TWILIO_TEMPLATE_GENERIC_SID.","response":null}
{"at":"2026-05-22T17:44:54.719Z","event":"manual_test","provider":"twilio","to":"5562999669966","status":"skipped","metadata":{"event":"manual_test","to":"5562999669966","message":"Envio de mensagem teste","userId":1,"verifyFinalStatus":true},"error":"WhatsApp desabilitado por configuração."}
{"at":"2026-05-22T17:44:54.901Z","event":"password_reset","provider":"twilio","to":"5562999999999","status":"skipped","metadata":{"event":"password_reset","userId":21,"email":"ana@example.com","link":"https://meu-sistema-nps.vercel.app/perfil"},"error":"WhatsApp desabilitado por configuração."}
{"at":"2026-05-22T17:44:55.173Z","event":"password_reset","provider":"twilio","to":"5562888888888","status":"skipped","metadata":{"event":"password_reset","userId":22,"email":"bruno@example.com","link":"https://meu-sistema-nps.vercel.app/perfil"},"error":"WhatsApp desabilitado por configuração."}
{"at":"2026-05-22T18:46:44.452Z","event":"user_welcome","provider":"twilio","to":"5562999999999","status":"skipped","metadata":{"event":"user_welcome","userId":77,"email":"maria@example.com"},"error":"WhatsApp desabilitado por configuração."}
{"at":"2026-05-22T18:46:45.957Z","event":"manual_send","provider":"twilio","to":"5562999669966","status":"skipped","metadata":{"event":"manual_send","to":"5562999669966","message":"Teste manual de WhatsApp","userId":1,"verifyFinalStatus":true},"providerMessageId":null,"error":"Configuracao Twilio ausente: TWILIO_ACCOUNT_SID, TWILIO_AUTH_TOKEN, TWILIO_TEMPLATE_GENERIC_SID.","response":null}
{"at":"2026-05-22T18:46:45.983Z","event":"manual_test","provider":"twilio","to":"5562999669966","status":"skipped","metadata":{"event":"manual_test","to":"5562999669966","message":"Envio de mensagem teste","userId":1,"verifyFinalStatus":true},"error":"WhatsApp desabilitado por configuração."}
{"at":"2026-05-22T18:46:46.180Z","event":"password_reset","provider":"twilio","to":"5562999999999","status":"skipped","metadata":{"event":"password_reset","userId":21,"email":"ana@example.com","link":"https://meu-sistema-nps.vercel.app/perfil"},"error":"WhatsApp desabilitado por configuração."}
{"at":"2026-05-22T18:46:46.368Z","event":"password_reset","provider":"twilio","to":"5562888888888","status":"skipped","metadata":{"event":"password_reset","userId":22,"email":"bruno@example.com","link":"https://meu-sistema-nps.vercel.app/perfil"},"error":"WhatsApp desabilitado por configuração."}
{"at":"2026-05-22T18:57:10.171Z","event":"user_welcome","provider":"twilio","to":"5562999999999","status":"skipped","metadata":{"event":"user_welcome","userId":77,"email":"maria@example.com"},"error":"WhatsApp desabilitado por configuração."}
{"at":"2026-05-22T18:57:11.124Z","event":"manual_send","provider":"twilio","to":"5562999669966","status":"skipped","metadata":{"event":"manual_send","to":"5562999669966","message":"Teste manual de WhatsApp","userId":1,"verifyFinalStatus":true},"providerMessageId":null,"error":"Configuracao Twilio ausente: TWILIO_ACCOUNT_SID, TWILIO_AUTH_TOKEN, TWILIO_TEMPLATE_GENERIC_SID.","response":null}
{"at":"2026-05-22T18:57:11.138Z","event":"manual_test","provider":"twilio","to":"5562999669966","status":"skipped","metadata":{"event":"manual_test","to":"5562999669966","message":"Envio de mensagem teste","userId":1,"verifyFinalStatus":true},"error":"WhatsApp desabilitado por configuração."}
{"at":"2026-05-22T18:57:11.273Z","event":"password_reset","provider":"twilio","to":"5562999999999","status":"skipped","metadata":{"event":"password_reset","userId":21,"email":"ana@example.com","link":"https://meu-sistema-nps.vercel.app/perfil"},"error":"WhatsApp desabilitado por configuração."}
{"at":"2026-05-22T18:57:11.394Z","event":"password_reset","provider":"twilio","to":"5562888888888","status":"skipped","metadata":{"event":"password_reset","userId":22,"email":"bruno@example.com","link":"https://meu-sistema-nps.vercel.app/perfil"},"error":"WhatsApp desabilitado por configuração."}
{"at":"2026-05-22T19:02:06.360Z","event":"user_welcome","provider":"twilio","to":"5562999999999","status":"skipped","metadata":{"event":"user_welcome","userId":77,"email":"maria@example.com"},"error":"WhatsApp desabilitado por configuração."}
{"at":"2026-05-22T19:02:07.386Z","event":"manual_send","provider":"twilio","to":"5562999669966","status":"skipped","metadata":{"event":"manual_send","to":"5562999669966","message":"Teste manual de WhatsApp","userId":1,"verifyFinalStatus":true},"providerMessageId":null,"error":"Configuracao Twilio ausente: TWILIO_ACCOUNT_SID, TWILIO_AUTH_TOKEN, TWILIO_TEMPLATE_GENERIC_SID.","response":null}
{"at":"2026-05-22T19:02:07.400Z","event":"manual_test","provider":"twilio","to":"5562999669966","status":"skipped","metadata":{"event":"manual_test","to":"5562999669966","message":"Envio de mensagem teste","userId":1,"verifyFinalStatus":true},"error":"WhatsApp desabilitado por configuração."}
{"at":"2026-05-22T19:02:07.551Z","event":"password_reset","provider":"twilio","to":"5562999999999","status":"skipped","metadata":{"event":"password_reset","userId":21,"email":"ana@example.com","link":"https://meu-sistema-nps.vercel.app/perfil"},"error":"WhatsApp desabilitado por configuração."}
{"at":"2026-05-22T19:02:07.679Z","event":"password_reset","provider":"twilio","to":"5562888888888","status":"skipped","metadata":{"event":"password_reset","userId":22,"email":"bruno@example.com","link":"https://meu-sistema-nps.vercel.app/perfil"},"error":"WhatsApp desabilitado por configuração."}
{"at":"2026-05-22T19:27:43.191Z","event":"user_welcome","provider":"twilio","to":"5562999999999","status":"skipped","metadata":{"event":"user_welcome","userId":77,"email":"maria@example.com"},"error":"WhatsApp desabilitado por configuração."}
{"at":"2026-05-22T19:27:43.605Z","event":"manual_send","provider":"twilio","to":"5562999669966","status":"skipped","metadata":{"event":"manual_send","to":"5562999669966","message":"Teste manual de WhatsApp","userId":1,"verifyFinalStatus":true},"providerMessageId":null,"error":"Configuracao Twilio ausente: TWILIO_ACCOUNT_SID, TWILIO_AUTH_TOKEN, TWILIO_TEMPLATE_GENERIC_SID.","response":null}
{"at":"2026-05-22T19:27:43.610Z","event":"manual_test","provider":"twilio","to":"5562999669966","status":"skipped","metadata":{"event":"manual_test","to":"5562999669966","message":"Envio de mensagem teste","userId":1,"verifyFinalStatus":true},"error":"WhatsApp desabilitado por configuração."}
{"at":"2026-05-22T19:27:43.671Z","event":"password_reset","provider":"twilio","to":"5562999999999","status":"skipped","metadata":{"event":"password_reset","userId":21,"email":"ana@example.com","link":"https://meu-sistema-nps.vercel.app/perfil"},"error":"WhatsApp desabilitado por configuração."}
{"at":"2026-05-22T19:27:43.731Z","event":"password_reset","provider":"twilio","to":"5562888888888","status":"skipped","metadata":{"event":"password_reset","userId":22,"email":"bruno@example.com","link":"https://meu-sistema-nps.vercel.app/perfil"},"error":"WhatsApp desabilitado por configuração."}
{"at":"2026-05-22T19:28:06.910Z","event":"user_welcome","provider":"twilio","to":"5562999999999","status":"skipped","metadata":{"event":"user_welcome","userId":77,"email":"maria@example.com"},"error":"WhatsApp desabilitado por configuração."}
{"at":"2026-05-22T19:28:07.484Z","event":"manual_send","provider":"twilio","to":"5562999669966","status":"skipped","metadata":{"event":"manual_send","to":"5562999669966","message":"Teste manual de WhatsApp","userId":1,"verifyFinalStatus":true},"providerMessageId":null,"error":"Configuracao Twilio ausente: TWILIO_ACCOUNT_SID, TWILIO_AUTH_TOKEN, TWILIO_TEMPLATE_GENERIC_SID.","response":null}
{"at":"2026-05-22T19:28:07.491Z","event":"manual_test","provider":"twilio","to":"5562999669966","status":"skipped","metadata":{"event":"manual_test","to":"5562999669966","message":"Envio de mensagem teste","userId":1,"verifyFinalStatus":true},"error":"WhatsApp desabilitado por configuração."}
{"at":"2026-05-22T19:28:07.579Z","event":"password_reset","provider":"twilio","to":"5562999999999","status":"skipped","metadata":{"event":"password_reset","userId":21,"email":"ana@example.com","link":"https://meu-sistema-nps.vercel.app/perfil"},"error":"WhatsApp desabilitado por configuração."}
{"at":"2026-05-22T19:28:07.668Z","event":"password_reset","provider":"twilio","to":"5562888888888","status":"skipped","metadata":{"event":"password_reset","userId":22,"email":"bruno@example.com","link":"https://meu-sistema-nps.vercel.app/perfil"},"error":"WhatsApp desabilitado por configuração."}
{"at":"2026-05-25T15:01:29.658Z","event":"user_welcome","provider":"twilio","to":"5562999999999","status":"skipped","metadata":{"event":"user_welcome","userId":77,"email":"maria@example.com"},"error":"WhatsApp desabilitado por configuração."}
{"at":"2026-05-25T15:01:32.058Z","event":"manual_send","provider":"twilio","to":"5562999669966","status":"skipped","metadata":{"event":"manual_send","to":"5562999669966","message":"Teste manual de WhatsApp","userId":1,"verifyFinalStatus":true},"providerMessageId":null,"error":"Configuracao Twilio ausente: TWILIO_ACCOUNT_SID, TWILIO_AUTH_TOKEN, TWILIO_TEMPLATE_GENERIC_SID.","response":null}
{"at":"2026-05-25T15:01:32.132Z","event":"manual_test","provider":"twilio","to":"5562999669966","status":"skipped","metadata":{"event":"manual_test","to":"5562999669966","message":"Envio de mensagem teste","userId":1,"verifyFinalStatus":true},"error":"WhatsApp desabilitado por configuração."}
{"at":"2026-05-25T15:01:32.444Z","event":"password_reset","provider":"twilio","to":"5562999999999","status":"skipped","metadata":{"event":"password_reset","userId":21,"email":"ana@example.com","link":"https://meu-sistema-nps.vercel.app/perfil"},"error":"WhatsApp desabilitado por configuração."}
{"at":"2026-05-25T15:01:32.783Z","event":"password_reset","provider":"twilio","to":"5562888888888","status":"skipped","metadata":{"event":"password_reset","userId":22,"email":"bruno@example.com","link":"https://meu-sistema-nps.vercel.app/perfil"},"error":"WhatsApp desabilitado por configuração."}
{"at":"2026-05-25T15:01:55.895Z","event":"user_welcome","provider":"twilio","to":"5562999999999","status":"skipped","metadata":{"event":"user_welcome","userId":77,"email":"maria@example.com"},"error":"WhatsApp desabilitado por configuração."}
{"at":"2026-05-25T15:01:56.856Z","event":"manual_send","provider":"twilio","to":"5562999669966","status":"skipped","metadata":{"event":"manual_send","to":"5562999669966","message":"Teste manual de WhatsApp","userId":1,"verifyFinalStatus":true},"providerMessageId":null,"error":"Configuracao Twilio ausente: TWILIO_ACCOUNT_SID, TWILIO_AUTH_TOKEN, TWILIO_TEMPLATE_GENERIC_SID.","response":null}
{"at":"2026-05-25T15:01:56.868Z","event":"manual_test","provider":"twilio","to":"5562999669966","status":"skipped","metadata":{"event":"manual_test","to":"5562999669966","message":"Envio de mensagem teste","userId":1,"verifyFinalStatus":true},"error":"WhatsApp desabilitado por configuração."}
{"at":"2026-05-25T15:01:57.019Z","event":"password_reset","provider":"twilio","to":"5562999999999","status":"skipped","metadata":{"event":"password_reset","userId":21,"email":"ana@example.com","link":"https://meu-sistema-nps.vercel.app/perfil"},"error":"WhatsApp desabilitado por configuração."}
{"at":"2026-05-25T15:01:57.230Z","event":"password_reset","provider":"twilio","to":"5562888888888","status":"skipped","metadata":{"event":"password_reset","userId":22,"email":"bruno@example.com","link":"https://meu-sistema-nps.vercel.app/perfil"},"error":"WhatsApp desabilitado por configuração."}
{"at":"2026-05-25T16:51:31.096Z","event":"user_welcome","provider":"twilio","to":"5562999999999","status":"skipped","metadata":{"event":"user_welcome","userId":77,"email":"maria@example.com"},"error":"WhatsApp desabilitado por configuração."}
{"at":"2026-05-25T16:51:32.691Z","event":"manual_send","provider":"twilio","to":"5562999669966","status":"skipped","metadata":{"event":"manual_send","to":"5562999669966","message":"Teste manual de WhatsApp","userId":1,"verifyFinalStatus":true},"providerMessageId":null,"error":"Configuracao Twilio ausente: TWILIO_ACCOUNT_SID, TWILIO_AUTH_TOKEN, TWILIO_TEMPLATE_GENERIC_SID.","response":null}
{"at":"2026-05-25T16:51:32.718Z","event":"manual_test","provider":"twilio","to":"5562999669966","status":"skipped","metadata":{"event":"manual_test","to":"5562999669966","message":"Envio de mensagem teste","userId":1,"verifyFinalStatus":true},"error":"WhatsApp desabilitado por configuração."}
{"at":"2026-05-25T16:51:32.928Z","event":"password_reset","provider":"twilio","to":"5562999999999","status":"skipped","metadata":{"event":"password_reset","userId":21,"email":"ana@example.com","link":"https://meu-sistema-nps.vercel.app/perfil"},"error":"WhatsApp desabilitado por configuração."}
{"at":"2026-05-25T16:51:33.117Z","event":"password_reset","provider":"twilio","to":"5562888888888","status":"skipped","metadata":{"event":"password_reset","userId":22,"email":"bruno@example.com","link":"https://meu-sistema-nps.vercel.app/perfil"},"error":"WhatsApp desabilitado por configuração."}
{"at":"2026-05-25T17:11:50.391Z","event":"user_welcome","provider":"twilio","to":"5562999999999","status":"skipped","metadata":{"event":"user_welcome","userId":77,"email":"maria@example.com"},"error":"WhatsApp desabilitado por configuração."}
{"at":"2026-05-25T17:11:50.933Z","event":"manual_send","provider":"twilio","to":"5562999669966","status":"skipped","metadata":{"event":"manual_send","to":"5562999669966","message":"Teste manual de WhatsApp","userId":1,"verifyFinalStatus":true},"providerMessageId":null,"error":"Configuracao Twilio ausente: TWILIO_ACCOUNT_SID, TWILIO_AUTH_TOKEN, TWILIO_TEMPLATE_GENERIC_SID.","response":null}
{"at":"2026-05-25T17:11:50.943Z","event":"manual_test","provider":"twilio","to":"5562999669966","status":"skipped","metadata":{"event":"manual_test","to":"5562999669966","message":"Envio de mensagem teste","userId":1,"verifyFinalStatus":true},"error":"WhatsApp desabilitado por configuração."}
{"at":"2026-05-25T17:11:51.015Z","event":"password_reset","provider":"twilio","to":"5562999999999","status":"skipped","metadata":{"event":"password_reset","userId":21,"email":"ana@example.com","link":"https://meu-sistema-nps.vercel.app/perfil"},"error":"WhatsApp desabilitado por configuração."}
{"at":"2026-05-25T17:11:51.073Z","event":"password_reset","provider":"twilio","to":"5562888888888","status":"skipped","metadata":{"event":"password_reset","userId":22,"email":"bruno@example.com","link":"https://meu-sistema-nps.vercel.app/perfil"},"error":"WhatsApp desabilitado por configuração."}
{"at":"2026-05-25T17:17:59.813Z","event":"user_welcome","provider":"twilio","to":"5562999999999","status":"skipped","metadata":{"event":"user_welcome","userId":77,"email":"maria@example.com"},"error":"WhatsApp desabilitado por configuração."}
{"at":"2026-05-25T17:18:02.926Z","event":"manual_send","provider":"twilio","to":"5562999669966","status":"skipped","metadata":{"event":"manual_send","to":"5562999669966","message":"Teste manual de WhatsApp","userId":1,"verifyFinalStatus":true},"providerMessageId":null,"error":"Configuracao Twilio ausente: TWILIO_ACCOUNT_SID, TWILIO_AUTH_TOKEN, TWILIO_TEMPLATE_GENERIC_SID.","response":null}
{"at":"2026-05-25T17:18:02.990Z","event":"manual_test","provider":"twilio","to":"5562999669966","status":"skipped","metadata":{"event":"manual_test","to":"5562999669966","message":"Envio de mensagem teste","userId":1,"verifyFinalStatus":true},"error":"WhatsApp desabilitado por configuração."}
{"at":"2026-05-25T17:18:03.238Z","event":"password_reset","provider":"twilio","to":"5562999999999","status":"skipped","metadata":{"event":"password_reset","userId":21,"email":"ana@example.com","link":"https://meu-sistema-nps.vercel.app/perfil"},"error":"WhatsApp desabilitado por configuração."}
{"at":"2026-05-25T17:18:03.488Z","event":"password_reset","provider":"twilio","to":"5562888888888","status":"skipped","metadata":{"event":"password_reset","userId":22,"email":"bruno@example.com","link":"https://meu-sistema-nps.vercel.app/perfil"},"error":"WhatsApp desabilitado por configuração."}
{"at":"2026-05-25T17:34:10.610Z","event":"weekly_coordinator_report","provider":"twilio","to":"","status":"failed","metadata":{"event":"weekly_coordinator_report","coordinator":"Coordenador da unidade","attachmentUrl":"https://meu-sistema-nps-backend.onrender.com/uploads/reports/coordenador-coordenador-da-unidade-2026-05-25.pdf","link":"https://meu-sistema-nps-backend.onrender.com/uploads/reports/coordenador-coordenador-da-unidade-2026-05-25.pdf","message":"Relatório semanal do coordenador Coordenador da unidade. Total de protocolos: 11. Atrasadas: 11."},"error":"Telefone em padrão E.164 inválido."}
{"at":"2026-05-25T17:41:57.688Z","event":"user_welcome","provider":"twilio","to":"5562999999999","status":"skipped","metadata":{"event":"user_welcome","userId":77,"email":"maria@example.com"},"error":"WhatsApp desabilitado por configuração."}
{"at":"2026-05-25T17:41:58.711Z","event":"manual_send","provider":"twilio","to":"5562999669966","status":"skipped","metadata":{"event":"manual_send","to":"5562999669966","message":"Teste manual de WhatsApp","userId":1,"verifyFinalStatus":true},"providerMessageId":null,"error":"Configuracao Twilio ausente: TWILIO_ACCOUNT_SID, TWILIO_AUTH_TOKEN, TWILIO_TEMPLATE_GENERIC_SID.","response":null}
{"at":"2026-05-25T17:41:58.725Z","event":"manual_test","provider":"twilio","to":"5562999669966","status":"skipped","metadata":{"event":"manual_test","to":"5562999669966","message":"Envio de mensagem teste","userId":1,"verifyFinalStatus":true},"error":"WhatsApp desabilitado por configuração."}
{"at":"2026-05-25T17:41:58.911Z","event":"password_reset","provider":"twilio","to":"5562999999999","status":"skipped","metadata":{"event":"password_reset","userId":21,"email":"ana@example.com","link":"https://meu-sistema-nps.vercel.app/perfil"},"error":"WhatsApp desabilitado por configuração."}
{"at":"2026-05-25T17:41:59.060Z","event":"password_reset","provider":"twilio","to":"5562888888888","status":"skipped","metadata":{"event":"password_reset","userId":22,"email":"bruno@example.com","link":"https://meu-sistema-nps.vercel.app/perfil"},"error":"WhatsApp desabilitado por configuração."}
{"at":"2026-05-25T17:49:07.338Z","event":"weekly_coordinator_report","provider":"twilio","to":"","status":"failed","metadata":{"event":"weekly_coordinator_report","coordinator":"Coordenador da unidade","attachmentUrl":"https://meu-sistema-nps-backend.onrender.com/uploads/reports/coordenador-coordenador-da-unidade-2026-05-25.pdf","link":"https://meu-sistema-nps-backend.onrender.com/uploads/reports/coordenador-coordenador-da-unidade-2026-05-25.pdf","message":"Relatório semanal do coordenador Coordenador da unidade. Total de protocolos: 11. Atrasadas: 11."},"error":"Telefone em padrão E.164 inválido."}
{"at":"2026-05-25T17:59:35.129Z","event":"user_welcome","provider":"twilio","to":"5562999999999","status":"skipped","metadata":{"event":"user_welcome","userId":77,"email":"maria@example.com"},"error":"WhatsApp desabilitado por configuração."}
{"at":"2026-05-25T17:59:38.971Z","event":"manual_send","provider":"twilio","to":"5562999669966","status":"skipped","metadata":{"event":"manual_send","to":"5562999669966","message":"Teste manual de WhatsApp","userId":1,"verifyFinalStatus":true},"providerMessageId":null,"error":"Configuracao Twilio ausente: TWILIO_ACCOUNT_SID, TWILIO_AUTH_TOKEN, TWILIO_TEMPLATE_GENERIC_SID.","response":null}
{"at":"2026-05-25T17:59:39.273Z","event":"manual_test","provider":"twilio","to":"5562999669966","status":"skipped","metadata":{"event":"manual_test","to":"5562999669966","message":"Envio de mensagem teste","userId":1,"verifyFinalStatus":true},"error":"WhatsApp desabilitado por configuração."}
{"at":"2026-05-25T17:59:39.567Z","event":"password_reset","provider":"twilio","to":"5562999999999","status":"skipped","metadata":{"event":"password_reset","userId":21,"email":"ana@example.com","link":"https://meu-sistema-nps.vercel.app/perfil"},"error":"WhatsApp desabilitado por configuração."}
{"at":"2026-05-25T17:59:39.782Z","event":"password_reset","provider":"twilio","to":"5562888888888","status":"skipped","metadata":{"event":"password_reset","userId":22,"email":"bruno@example.com","link":"https://meu-sistema-nps.vercel.app/perfil"},"error":"WhatsApp desabilitado por configuração."}
{"at":"2026-05-25T18:04:07.404Z","event":"weekly_coordinator_report","provider":"twilio","to":"","status":"failed","metadata":{"event":"weekly_coordinator_report","coordinator":"Coordenador da unidade","attachmentUrl":"https://meu-sistema-nps-backend.onrender.com/uploads/reports/coordenador-coordenador-da-unidade-2026-05-25.pdf","link":"https://meu-sistema-nps-backend.onrender.com/uploads/reports/coordenador-coordenador-da-unidade-2026-05-25.pdf","message":"Relatório semanal do coordenador Coordenador da unidade. Total de protocolos: 11. Atrasadas: 11."},"error":"Telefone em padrão E.164 inválido."}
{"at":"2026-05-25T18:19:07.382Z","event":"weekly_coordinator_report","provider":"twilio","to":"","status":"failed","metadata":{"event":"weekly_coordinator_report","coordinator":"Coordenador da unidade","attachmentUrl":"https://meu-sistema-nps-backend.onrender.com/uploads/reports/coordenador-coordenador-da-unidade-2026-05-25.pdf","link":"https://meu-sistema-nps-backend.onrender.com/uploads/reports/coordenador-coordenador-da-unidade-2026-05-25.pdf","message":"Relatório semanal do coordenador Coordenador da unidade. Total de protocolos: 11. Atrasadas: 11."},"error":"Telefone em padrão E.164 inválido."}
{"at":"2026-05-25T18:20:11.529Z","event":"user_welcome","provider":"twilio","to":"5562999999999","status":"skipped","metadata":{"event":"user_welcome","userId":77,"email":"maria@example.com"},"error":"WhatsApp desabilitado por configuração."}
{"at":"2026-05-25T18:20:12.634Z","event":"manual_send","provider":"twilio","to":"5562999669966","status":"skipped","metadata":{"event":"manual_send","to":"5562999669966","message":"Teste manual de WhatsApp","userId":1,"verifyFinalStatus":true},"providerMessageId":null,"error":"Configuracao Twilio ausente: TWILIO_ACCOUNT_SID, TWILIO_AUTH_TOKEN, TWILIO_TEMPLATE_GENERIC_SID.","response":null}
{"at":"2026-05-25T18:20:12.660Z","event":"manual_test","provider":"twilio","to":"5562999669966","status":"skipped","metadata":{"event":"manual_test","to":"5562999669966","message":"Envio de mensagem teste","userId":1,"verifyFinalStatus":true},"error":"WhatsApp desabilitado por configuração."}
{"at":"2026-05-25T18:20:12.847Z","event":"password_reset","provider":"twilio","to":"5562999999999","status":"skipped","metadata":{"event":"password_reset","userId":21,"email":"ana@example.com","link":"https://meu-sistema-nps.vercel.app/perfil"},"error":"WhatsApp desabilitado por configuração."}
{"at":"2026-05-25T18:20:13.013Z","event":"password_reset","provider":"twilio","to":"5562888888888","status":"skipped","metadata":{"event":"password_reset","userId":22,"email":"bruno@example.com","link":"https://meu-sistema-nps.vercel.app/perfil"},"error":"WhatsApp desabilitado por configuração."}
{"at":"2026-05-25T18:29:12.109Z","event":"user_welcome","provider":"twilio","to":"5562999999999","status":"skipped","metadata":{"event":"user_welcome","userId":77,"email":"maria@example.com"},"error":"WhatsApp desabilitado por configuração."}
{"at":"2026-05-25T18:29:13.244Z","event":"manual_send","provider":"twilio","to":"5562999669966","status":"skipped","metadata":{"event":"manual_send","to":"5562999669966","message":"Teste manual de WhatsApp","userId":1,"verifyFinalStatus":true},"providerMessageId":null,"error":"Configuracao Twilio ausente: TWILIO_ACCOUNT_SID, TWILIO_AUTH_TOKEN, TWILIO_TEMPLATE_GENERIC_SID.","response":null}
{"at":"2026-05-25T18:29:13.314Z","event":"manual_test","provider":"twilio","to":"5562999669966","status":"skipped","metadata":{"event":"manual_test","to":"5562999669966","message":"Envio de mensagem teste","userId":1,"verifyFinalStatus":true},"error":"WhatsApp desabilitado por configuração."}
{"at":"2026-05-25T18:29:13.467Z","event":"password_reset","provider":"twilio","to":"5562999999999","status":"skipped","metadata":{"event":"password_reset","userId":21,"email":"ana@example.com","link":"https://meu-sistema-nps.vercel.app/perfil"},"error":"WhatsApp desabilitado por configuração."}
{"at":"2026-05-25T18:29:13.644Z","event":"password_reset","provider":"twilio","to":"5562888888888","status":"skipped","metadata":{"event":"password_reset","userId":22,"email":"bruno@example.com","link":"https://meu-sistema-nps.vercel.app/perfil"},"error":"WhatsApp desabilitado por configuração."}
{"at":"2026-05-25T18:34:07.406Z","event":"weekly_coordinator_report","provider":"twilio","to":"","status":"failed","metadata":{"event":"weekly_coordinator_report","coordinator":"Coordenador da unidade","attachmentUrl":"https://meu-sistema-nps-backend.onrender.com/uploads/reports/coordenador-coordenador-da-unidade-2026-05-25.pdf","link":"https://meu-sistema-nps-backend.onrender.com/uploads/reports/coordenador-coordenador-da-unidade-2026-05-25.pdf","message":"Relatório semanal do coordenador Coordenador da unidade. Total de protocolos: 11. Atrasadas: 11."},"error":"Telefone em padrão E.164 inválido."}
{"at":"2026-05-25T18:48:00.864Z","event":"user_welcome","provider":"twilio","to":"5562999999999","status":"skipped","metadata":{"event":"user_welcome","userId":77,"email":"maria@example.com"},"error":"WhatsApp desabilitado por configuração."}
{"at":"2026-05-25T18:48:01.774Z","event":"manual_send","provider":"twilio","to":"5562999669966","status":"skipped","metadata":{"event":"manual_send","to":"5562999669966","message":"Teste manual de WhatsApp","userId":1,"verifyFinalStatus":true},"providerMessageId":null,"error":"Configuracao Twilio ausente: TWILIO_ACCOUNT_SID, TWILIO_AUTH_TOKEN, TWILIO_TEMPLATE_GENERIC_SID.","response":null}
{"at":"2026-05-25T18:48:01.791Z","event":"manual_test","provider":"twilio","to":"5562999669966","status":"skipped","metadata":{"event":"manual_test","to":"5562999669966","message":"Envio de mensagem teste","userId":1,"verifyFinalStatus":true},"error":"WhatsApp desabilitado por configuração."}
{"at":"2026-05-25T18:48:01.942Z","event":"password_reset","provider":"twilio","to":"5562999999999","status":"skipped","metadata":{"event":"password_reset","userId":21,"email":"ana@example.com","link":"https://meu-sistema-nps.vercel.app/perfil"},"error":"WhatsApp desabilitado por configuração."}
{"at":"2026-05-25T18:48:02.086Z","event":"password_reset","provider":"twilio","to":"5562888888888","status":"skipped","metadata":{"event":"password_reset","userId":22,"email":"bruno@example.com","link":"https://meu-sistema-nps.vercel.app/perfil"},"error":"WhatsApp desabilitado por configuração."}
{"at":"2026-05-25T18:49:07.287Z","event":"weekly_coordinator_report","provider":"twilio","to":"","status":"failed","metadata":{"event":"weekly_coordinator_report","coordinator":"Coordenador da unidade","attachmentUrl":"https://meu-sistema-nps-backend.onrender.com/uploads/reports/coordenador-coordenador-da-unidade-2026-05-25.pdf","link":"https://meu-sistema-nps-backend.onrender.com/uploads/reports/coordenador-coordenador-da-unidade-2026-05-25.pdf","message":"Relatório semanal do coordenador Coordenador da unidade. Total de protocolos: 8. Atrasadas: 8."},"error":"Telefone em padrão E.164 inválido."}
{"at":"2026-05-25T19:04:07.395Z","event":"weekly_coordinator_report","provider":"twilio","to":"","status":"failed","metadata":{"event":"weekly_coordinator_report","coordinator":"Coordenador da unidade","attachmentUrl":"https://meu-sistema-nps-backend.onrender.com/uploads/reports/coordenador-coordenador-da-unidade-2026-05-25.pdf","link":"https://meu-sistema-nps-backend.onrender.com/uploads/reports/coordenador-coordenador-da-unidade-2026-05-25.pdf","message":"Relatório semanal do coordenador Coordenador da unidade. Total de protocolos: 8. Atrasadas: 8."},"error":"Telefone em padrão E.164 inválido."}
{"at":"2026-05-25T19:18:08.677Z","event":"user_welcome","provider":"twilio","to":"5562999999999","status":"skipped","metadata":{"event":"user_welcome","userId":77,"email":"maria@example.com"},"error":"WhatsApp desabilitado por configuração."}
{"at":"2026-05-25T19:18:09.315Z","event":"manual_send","provider":"twilio","to":"5562999669966","status":"skipped","metadata":{"event":"manual_send","to":"5562999669966","message":"Teste manual de WhatsApp","userId":1,"verifyFinalStatus":true},"providerMessageId":null,"error":"Configuracao Twilio ausente: TWILIO_ACCOUNT_SID, TWILIO_AUTH_TOKEN, TWILIO_TEMPLATE_GENERIC_SID.","response":null}
{"at":"2026-05-25T19:18:09.345Z","event":"manual_test","provider":"twilio","to":"5562999669966","status":"skipped","metadata":{"event":"manual_test","to":"5562999669966","message":"Envio de mensagem teste","userId":1,"verifyFinalStatus":true},"error":"WhatsApp desabilitado por configuração."}
{"at":"2026-05-25T19:18:09.532Z","event":"password_reset","provider":"twilio","to":"5562999999999","status":"skipped","metadata":{"event":"password_reset","userId":21,"email":"ana@example.com","link":"https://meu-sistema-nps.vercel.app/perfil"},"error":"WhatsApp desabilitado por configuração."}
{"at":"2026-05-25T19:18:09.752Z","event":"password_reset","provider":"twilio","to":"5562888888888","status":"skipped","metadata":{"event":"password_reset","userId":22,"email":"bruno@example.com","link":"https://meu-sistema-nps.vercel.app/perfil"},"error":"WhatsApp desabilitado por configuração."}
{"at":"2026-05-25T19:19:07.340Z","event":"weekly_coordinator_report","provider":"twilio","to":"","status":"failed","metadata":{"event":"weekly_coordinator_report","coordinator":"Coordenador da unidade","attachmentUrl":"https://meu-sistema-nps-backend.onrender.com/uploads/reports/coordenador-coordenador-da-unidade-2026-05-25.pdf","link":"https://meu-sistema-nps-backend.onrender.com/uploads/reports/coordenador-coordenador-da-unidade-2026-05-25.pdf","message":"Relatório semanal do coordenador Coordenador da unidade. Total de protocolos: 8. Atrasadas: 8."},"error":"Telefone em padrão E.164 inválido."}
{"at":"2026-05-25T19:34:07.404Z","event":"weekly_coordinator_report","provider":"twilio","to":"","status":"failed","metadata":{"event":"weekly_coordinator_report","coordinator":"Coordenador da unidade","attachmentUrl":"https://meu-sistema-nps-backend.onrender.com/uploads/reports/coordenador-coordenador-da-unidade-2026-05-25.pdf","link":"https://meu-sistema-nps-backend.onrender.com/uploads/reports/coordenador-coordenador-da-unidade-2026-05-25.pdf","message":"Relatório semanal do coordenador Coordenador da unidade. Total de protocolos: 8. Atrasadas: 8."},"error":"Telefone em padrão E.164 inválido."}
{"at":"2026-05-25T19:48:04.482Z","event":"user_welcome","provider":"twilio","to":"5562999999999","status":"skipped","metadata":{"event":"user_welcome","userId":77,"email":"maria@example.com"},"error":"WhatsApp desabilitado por configuração."}
{"at":"2026-05-25T19:48:05.333Z","event":"manual_send","provider":"twilio","to":"5562999669966","status":"skipped","metadata":{"event":"manual_send","to":"5562999669966","message":"Teste manual de WhatsApp","userId":1,"verifyFinalStatus":true},"providerMessageId":null,"error":"Configuracao Twilio ausente: TWILIO_ACCOUNT_SID, TWILIO_AUTH_TOKEN, TWILIO_TEMPLATE_GENERIC_SID.","response":null}
{"at":"2026-05-25T19:48:05.362Z","event":"manual_test","provider":"twilio","to":"5562999669966","status":"skipped","metadata":{"event":"manual_test","to":"5562999669966","message":"Envio de mensagem teste","userId":1,"verifyFinalStatus":true},"error":"WhatsApp desabilitado por configuração."}
{"at":"2026-05-25T19:48:05.536Z","event":"password_reset","provider":"twilio","to":"5562999999999","status":"skipped","metadata":{"event":"password_reset","userId":21,"email":"ana@example.com","link":"https://meu-sistema-nps.vercel.app/perfil"},"error":"WhatsApp desabilitado por configuração."}
{"at":"2026-05-25T19:48:05.687Z","event":"password_reset","provider":"twilio","to":"5562888888888","status":"skipped","metadata":{"event":"password_reset","userId":22,"email":"bruno@example.com","link":"https://meu-sistema-nps.vercel.app/perfil"},"error":"WhatsApp desabilitado por configuração."}
{"at":"2026-05-25T19:49:07.624Z","event":"weekly_coordinator_report","provider":"twilio","to":"","status":"failed","metadata":{"event":"weekly_coordinator_report","coordinator":"Coordenador da unidade","attachmentUrl":"https://meu-sistema-nps-backend.onrender.com/uploads/reports/coordenador-coordenador-da-unidade-2026-05-25.pdf","link":"https://meu-sistema-nps-backend.onrender.com/uploads/reports/coordenador-coordenador-da-unidade-2026-05-25.pdf","message":"Relatório semanal do coordenador Coordenador da unidade. Total de protocolos: 8. Atrasadas: 8."},"error":"Telefone em padrão E.164 inválido."}
{"at":"2026-05-25T20:25:00.143Z","event":"weekly_coordinator_report","provider":"twilio","to":"","status":"failed","metadata":{"event":"weekly_coordinator_report","coordinator":"Coordenador da unidade","attachmentUrl":"https://meu-sistema-nps-backend.onrender.com/uploads/reports/coordenador-coordenador-da-unidade-2026-05-25.pdf","link":"https://meu-sistema-nps-backend.onrender.com/uploads/reports/coordenador-coordenador-da-unidade-2026-05-25.pdf","message":"Relatório semanal do coordenador Coordenador da unidade. Total de protocolos: 8. Atrasadas: 8."},"error":"Telefone em padrão E.164 inválido."}
{"at":"2026-05-25T20:43:40.403Z","event":"weekly_coordinator_report","provider":"twilio","to":"","status":"failed","metadata":{"event":"weekly_coordinator_report","coordinator":"Coordenador da unidade","attachmentUrl":"https://meu-sistema-nps-backend.onrender.com/uploads/reports/coordenador-coordenador-da-unidade-2026-05-25.pdf","link":"https://meu-sistema-nps-backend.onrender.com/uploads/reports/coordenador-coordenador-da-unidade-2026-05-25.pdf","message":"Relatório semanal do coordenador Coordenador da unidade. Total de protocolos: 8. Atrasadas: 8."},"error":"Telefone em padrão E.164 inválido."}
{"at":"2026-05-25T23:43:30.556Z","event":"weekly_coordinator_report","provider":"twilio","to":"","status":"failed","metadata":{"event":"weekly_coordinator_report","coordinator":"Coordenador da unidade","attachmentUrl":"https://meu-sistema-nps-backend.onrender.com/uploads/reports/coordenador-coordenador-da-unidade-2026-05-25.pdf","link":"https://meu-sistema-nps-backend.onrender.com/uploads/reports/coordenador-coordenador-da-unidade-2026-05-25.pdf","message":"Relatório semanal do coordenador Coordenador da unidade. Total de protocolos: 8. Atrasadas: 8."},"error":"Telefone em padrão E.164 inválido."}
{"at":"2026-05-26T11:55:32.016Z","event":"user_welcome","provider":"twilio","to":"5562999999999","status":"skipped","metadata":{"event":"user_welcome","userId":77,"email":"maria@example.com"},"error":"WhatsApp desabilitado por configuração."}
{"at":"2026-05-26T11:55:35.554Z","event":"manual_send","provider":"twilio","to":"5562999669966","status":"skipped","metadata":{"event":"manual_send","to":"5562999669966","message":"Teste manual de WhatsApp","userId":1,"verifyFinalStatus":true},"providerMessageId":null,"error":"Configuracao Twilio ausente: TWILIO_ACCOUNT_SID, TWILIO_AUTH_TOKEN, TWILIO_TEMPLATE_GENERIC_SID.","response":null}
{"at":"2026-05-26T11:55:35.632Z","event":"manual_test","provider":"twilio","to":"5562999669966","status":"skipped","metadata":{"event":"manual_test","to":"5562999669966","message":"Envio de mensagem teste","userId":1,"verifyFinalStatus":true},"error":"WhatsApp desabilitado por configuração."}
{"at":"2026-05-26T11:55:36.157Z","event":"password_reset","provider":"twilio","to":"5562999999999","status":"skipped","metadata":{"event":"password_reset","userId":21,"email":"ana@example.com","link":"https://meu-sistema-nps.vercel.app/perfil"},"error":"WhatsApp desabilitado por configuração."}
{"at":"2026-05-26T11:55:36.504Z","event":"password_reset","provider":"twilio","to":"5562888888888","status":"skipped","metadata":{"event":"password_reset","userId":22,"email":"bruno@example.com","link":"https://meu-sistema-nps.vercel.app/perfil"},"error":"WhatsApp desabilitado por configuração."}
{"at":"2026-05-26T12:11:15.028Z","event":"user_welcome","provider":"twilio","to":"5562999999999","status":"skipped","metadata":{"event":"user_welcome","userId":77,"email":"maria@example.com"},"error":"WhatsApp desabilitado por configuração."}
{"at":"2026-05-26T12:11:15.403Z","event":"manual_send","provider":"twilio","to":"5562999669966","status":"skipped","metadata":{"event":"manual_send","to":"5562999669966","message":"Teste manual de WhatsApp","userId":1,"verifyFinalStatus":true},"providerMessageId":null,"error":"Configuracao Twilio ausente: TWILIO_ACCOUNT_SID, TWILIO_AUTH_TOKEN, TWILIO_TEMPLATE_GENERIC_SID.","response":null}
{"at":"2026-05-26T12:11:15.409Z","event":"manual_test","provider":"twilio","to":"5562999669966","status":"skipped","metadata":{"event":"manual_test","to":"5562999669966","message":"Envio de mensagem teste","userId":1,"verifyFinalStatus":true},"error":"WhatsApp desabilitado por configuração."}
{"at":"2026-05-26T12:11:15.464Z","event":"password_reset","provider":"twilio","to":"5562999999999","status":"skipped","metadata":{"event":"password_reset","userId":21,"email":"ana@example.com","link":"https://meu-sistema-nps.vercel.app/perfil"},"error":"WhatsApp desabilitado por configuração."}
{"at":"2026-05-26T12:11:15.516Z","event":"password_reset","provider":"twilio","to":"5562888888888","status":"skipped","metadata":{"event":"password_reset","userId":22,"email":"bruno@example.com","link":"https://meu-sistema-nps.vercel.app/perfil"},"error":"WhatsApp desabilitado por configuração."}
{"at":"2026-05-26T12:35:51.056Z","event":"user_welcome","provider":"twilio","to":"5562999999999","status":"skipped","metadata":{"event":"user_welcome","userId":77,"email":"maria@example.com"},"error":"WhatsApp desabilitado por configuração."}
{"at":"2026-05-26T12:35:51.837Z","event":"manual_send","provider":"twilio","to":"5562999669966","status":"skipped","metadata":{"event":"manual_send","to":"5562999669966","message":"Teste manual de WhatsApp","userId":1,"verifyFinalStatus":true},"providerMessageId":null,"error":"Configuracao Twilio ausente: TWILIO_ACCOUNT_SID, TWILIO_AUTH_TOKEN, TWILIO_TEMPLATE_GENERIC_SID.","response":null}
{"at":"2026-05-26T12:35:51.848Z","event":"manual_test","provider":"twilio","to":"5562999669966","status":"skipped","metadata":{"event":"manual_test","to":"5562999669966","message":"Envio de mensagem teste","userId":1,"verifyFinalStatus":true},"error":"WhatsApp desabilitado por configuração."}
{"at":"2026-05-26T12:35:51.985Z","event":"password_reset","provider":"twilio","to":"5562999999999","status":"skipped","metadata":{"event":"password_reset","userId":21,"email":"ana@example.com","link":"https://meu-sistema-nps.vercel.app/perfil"},"error":"WhatsApp desabilitado por configuração."}
{"at":"2026-05-26T12:35:52.154Z","event":"password_reset","provider":"twilio","to":"5562888888888","status":"skipped","metadata":{"event":"password_reset","userId":22,"email":"bruno@example.com","link":"https://meu-sistema-nps.vercel.app/perfil"},"error":"WhatsApp desabilitado por configuração."}
{"at":"2026-05-26T12:50:09.650Z","event":"user_welcome","provider":"twilio","to":"5562999999999","status":"skipped","metadata":{"event":"user_welcome","userId":77,"email":"maria@example.com"},"error":"WhatsApp desabilitado por configuração."}
{"at":"2026-05-26T12:50:11.978Z","event":"manual_send","provider":"twilio","to":"5562999669966","status":"skipped","metadata":{"event":"manual_send","to":"5562999669966","message":"Teste manual de WhatsApp","userId":1,"verifyFinalStatus":true},"providerMessageId":null,"error":"Configuracao Twilio ausente: TWILIO_ACCOUNT_SID, TWILIO_AUTH_TOKEN, TWILIO_TEMPLATE_GENERIC_SID.","response":null}
{"at":"2026-05-26T12:50:12.006Z","event":"manual_test","provider":"twilio","to":"5562999669966","status":"skipped","metadata":{"event":"manual_test","to":"5562999669966","message":"Envio de mensagem teste","userId":1,"verifyFinalStatus":true},"error":"WhatsApp desabilitado por configuração."}
{"at":"2026-05-26T12:50:12.280Z","event":"password_reset","provider":"twilio","to":"5562999999999","status":"skipped","metadata":{"event":"password_reset","userId":21,"email":"ana@example.com","link":"https://meu-sistema-nps.vercel.app/perfil"},"error":"WhatsApp desabilitado por configuração."}
{"at":"2026-05-26T12:50:12.501Z","event":"password_reset","provider":"twilio","to":"5562888888888","status":"skipped","metadata":{"event":"password_reset","userId":22,"email":"bruno@example.com","link":"https://meu-sistema-nps.vercel.app/perfil"},"error":"WhatsApp desabilitado por configuração."}
{"at":"2026-05-26T13:41:33.890Z","event":"user_welcome","provider":"twilio","to":"5562999999999","status":"skipped","metadata":{"event":"user_welcome","userId":77,"email":"maria@example.com"},"error":"WhatsApp desabilitado por configuração."}
{"at":"2026-05-26T13:41:34.314Z","event":"manual_send","provider":"twilio","to":"5562999669966","status":"skipped","metadata":{"event":"manual_send","to":"5562999669966","message":"Teste manual de WhatsApp","userId":1,"verifyFinalStatus":true},"providerMessageId":null,"error":"Configuracao Twilio ausente: TWILIO_ACCOUNT_SID, TWILIO_AUTH_TOKEN, TWILIO_TEMPLATE_GENERIC_SID.","response":null}
{"at":"2026-05-26T13:41:34.320Z","event":"manual_test","provider":"twilio","to":"5562999669966","status":"skipped","metadata":{"event":"manual_test","to":"5562999669966","message":"Envio de mensagem teste","userId":1,"verifyFinalStatus":true},"error":"WhatsApp desabilitado por configuração."}
{"at":"2026-05-26T13:41:34.394Z","event":"password_reset","provider":"twilio","to":"5562999999999","status":"skipped","metadata":{"event":"password_reset","userId":21,"email":"ana@example.com","link":"https://meu-sistema-nps.vercel.app/perfil"},"error":"WhatsApp desabilitado por configuração."}
{"at":"2026-05-26T13:41:34.465Z","event":"password_reset","provider":"twilio","to":"5562888888888","status":"skipped","metadata":{"event":"password_reset","userId":22,"email":"bruno@example.com","link":"https://meu-sistema-nps.vercel.app/perfil"},"error":"WhatsApp desabilitado por configuração."}
{"at":"2026-05-26T13:42:09.531Z","event":"user_welcome","provider":"twilio","to":"5562999999999","status":"skipped","metadata":{"event":"user_welcome","userId":77,"email":"maria@example.com"},"error":"WhatsApp desabilitado por configuração."}
{"at":"2026-05-26T13:42:10.357Z","event":"manual_send","provider":"twilio","to":"5562999669966","status":"skipped","metadata":{"event":"manual_send","to":"5562999669966","message":"Teste manual de WhatsApp","userId":1,"verifyFinalStatus":true},"providerMessageId":null,"error":"Configuracao Twilio ausente: TWILIO_ACCOUNT_SID, TWILIO_AUTH_TOKEN, TWILIO_TEMPLATE_GENERIC_SID.","response":null}
{"at":"2026-05-26T13:42:10.369Z","event":"manual_test","provider":"twilio","to":"5562999669966","status":"skipped","metadata":{"event":"manual_test","to":"5562999669966","message":"Envio de mensagem teste","userId":1,"verifyFinalStatus":true},"error":"WhatsApp desabilitado por configuração."}
{"at":"2026-05-26T13:42:10.493Z","event":"password_reset","provider":"twilio","to":"5562999999999","status":"skipped","metadata":{"event":"password_reset","userId":21,"email":"ana@example.com","link":"https://meu-sistema-nps.vercel.app/perfil"},"error":"WhatsApp desabilitado por configuração."}
{"at":"2026-05-26T13:42:10.601Z","event":"password_reset","provider":"twilio","to":"5562888888888","status":"skipped","metadata":{"event":"password_reset","userId":22,"email":"bruno@example.com","link":"https://meu-sistema-nps.vercel.app/perfil"},"error":"WhatsApp desabilitado por configuração."}
{"at":"2026-05-26T16:46:15.246Z","event":"user_welcome","provider":"twilio","to":"5562999999999","status":"skipped","metadata":{"event":"user_welcome","userId":77,"email":"maria@example.com"},"error":"WhatsApp desabilitado por configuração."}
{"at":"2026-05-26T16:46:15.250Z","event":"user_welcome","provider":"twilio","to":"5562999999999","status":"skipped","metadata":{"event":"user_welcome","userId":77,"email":"maria@example.com"},"error":"WhatsApp desabilitado por configuração."}
{"at":"2026-05-26T16:46:16.966Z","event":"manual_send","provider":"twilio","to":"5562999669966","status":"skipped","metadata":{"event":"manual_send","to":"5562999669966","message":"Teste manual de WhatsApp","userId":1,"verifyFinalStatus":true},"providerMessageId":null,"error":"Configuracao Twilio ausente: TWILIO_ACCOUNT_SID, TWILIO_AUTH_TOKEN, TWILIO_TEMPLATE_GENERIC_SID.","response":null}
{"at":"2026-05-26T16:46:17.020Z","event":"manual_send","provider":"twilio","to":"5562999669966","status":"skipped","metadata":{"event":"manual_send","to":"5562999669966","message":"Teste manual de WhatsApp","userId":1,"verifyFinalStatus":true},"providerMessageId":null,"error":"Configuracao Twilio ausente: TWILIO_ACCOUNT_SID, TWILIO_AUTH_TOKEN, TWILIO_TEMPLATE_GENERIC_SID.","response":null}
{"at":"2026-05-26T16:46:17.043Z","event":"manual_test","provider":"twilio","to":"5562999669966","status":"skipped","metadata":{"event":"manual_test","to":"5562999669966","message":"Envio de mensagem teste","userId":1,"verifyFinalStatus":true},"error":"WhatsApp desabilitado por configuração."}
{"at":"2026-05-26T16:46:17.099Z","event":"manual_test","provider":"twilio","to":"5562999669966","status":"skipped","metadata":{"event":"manual_test","to":"5562999669966","message":"Envio de mensagem teste","userId":1,"verifyFinalStatus":true},"error":"WhatsApp desabilitado por configuração."}
{"at":"2026-05-26T16:46:17.475Z","event":"password_reset","provider":"twilio","to":"5562999999999","status":"skipped","metadata":{"event":"password_reset","userId":21,"email":"ana@example.com","link":"https://meu-sistema-nps.vercel.app/perfil"},"error":"WhatsApp desabilitado por configuração."}
{"at":"2026-05-26T16:46:17.476Z","event":"password_reset","provider":"twilio","to":"5562999999999","status":"skipped","metadata":{"event":"password_reset","userId":21,"email":"ana@example.com","link":"https://meu-sistema-nps.vercel.app/perfil"},"error":"WhatsApp desabilitado por configuração."}
{"at":"2026-05-26T16:46:17.660Z","event":"password_reset","provider":"twilio","to":"5562888888888","status":"skipped","metadata":{"event":"password_reset","userId":22,"email":"bruno@example.com","link":"https://meu-sistema-nps.vercel.app/perfil"},"error":"WhatsApp desabilitado por configuração."}
{"at":"2026-05-26T16:46:17.740Z","event":"password_reset","provider":"twilio","to":"5562888888888","status":"skipped","metadata":{"event":"password_reset","userId":22,"email":"bruno@example.com","link":"https://meu-sistema-nps.vercel.app/perfil"},"error":"WhatsApp desabilitado por configuração."}
{"at":"2026-05-26T17:13:43.174Z","event":"user_welcome","provider":"twilio","to":"5562999999999","status":"skipped","metadata":{"event":"user_welcome","userId":77,"email":"maria@example.com"},"error":"WhatsApp desabilitado por configuração."}
{"at":"2026-05-26T17:13:44.515Z","event":"manual_send","provider":"twilio","to":"5562999669966","status":"skipped","metadata":{"event":"manual_send","to":"5562999669966","message":"Teste manual de WhatsApp","userId":1,"verifyFinalStatus":true},"providerMessageId":null,"error":"Configuracao Twilio ausente: TWILIO_ACCOUNT_SID, TWILIO_AUTH_TOKEN, TWILIO_TEMPLATE_GENERIC_SID.","response":null}
{"at":"2026-05-26T17:13:44.534Z","event":"manual_test","provider":"twilio","to":"5562999669966","status":"skipped","metadata":{"event":"manual_test","to":"5562999669966","message":"Envio de mensagem teste","userId":1,"verifyFinalStatus":true},"error":"WhatsApp desabilitado por configuração."}
{"at":"2026-05-26T17:13:44.695Z","event":"password_reset","provider":"twilio","to":"5562999999999","status":"skipped","metadata":{"event":"password_reset","userId":21,"email":"ana@example.com","link":"https://meu-sistema-nps.vercel.app/perfil"},"error":"WhatsApp desabilitado por configuração."}
{"at":"2026-05-26T17:13:44.844Z","event":"password_reset","provider":"twilio","to":"5562888888888","status":"skipped","metadata":{"event":"password_reset","userId":22,"email":"bruno@example.com","link":"https://meu-sistema-nps.vercel.app/perfil"},"error":"WhatsApp desabilitado por configuração."}
{"at":"2026-05-26T17:14:04.062Z","event":"user_welcome","provider":"twilio","to":"5562999999999","status":"skipped","metadata":{"event":"user_welcome","userId":77,"email":"maria@example.com"},"error":"WhatsApp desabilitado por configuração."}
{"at":"2026-05-26T17:14:05.679Z","event":"password_reset","provider":"twilio","to":"5562999999999","status":"skipped","metadata":{"event":"password_reset","userId":21,"email":"ana@example.com","link":"https://meu-sistema-nps.vercel.app/perfil"},"error":"WhatsApp desabilitado por configuração."}
{"at":"2026-05-26T17:14:05.775Z","event":"password_reset","provider":"twilio","to":"5562888888888","status":"skipped","metadata":{"event":"password_reset","userId":22,"email":"bruno@example.com","link":"https://meu-sistema-nps.vercel.app/perfil"},"error":"WhatsApp desabilitado por configuração."}
{"at":"2026-05-26T17:14:23.940Z","event":"user_welcome","provider":"twilio","to":"5562999999999","status":"skipped","metadata":{"event":"user_welcome","userId":77,"email":"maria@example.com"},"error":"WhatsApp desabilitado por configuração."}
{"at":"2026-05-26T17:14:24.726Z","event":"manual_send","provider":"twilio","to":"5562999669966","status":"skipped","metadata":{"event":"manual_send","to":"5562999669966","message":"Teste manual de WhatsApp","userId":1,"verifyFinalStatus":true},"providerMessageId":null,"error":"Configuracao Twilio ausente: TWILIO_ACCOUNT_SID, TWILIO_AUTH_TOKEN, TWILIO_TEMPLATE_GENERIC_SID.","response":null}
{"at":"2026-05-26T17:14:24.740Z","event":"manual_test","provider":"twilio","to":"5562999669966","status":"skipped","metadata":{"event":"manual_test","to":"5562999669966","message":"Envio de mensagem teste","userId":1,"verifyFinalStatus":true},"error":"WhatsApp desabilitado por configuração."}
{"at":"2026-05-26T17:14:24.880Z","event":"password_reset","provider":"twilio","to":"5562999999999","status":"skipped","metadata":{"event":"password_reset","userId":21,"email":"ana@example.com","link":"https://meu-sistema-nps.vercel.app/perfil"},"error":"WhatsApp desabilitado por configuração."}
{"at":"2026-05-26T17:14:25.002Z","event":"password_reset","provider":"twilio","to":"5562888888888","status":"skipped","metadata":{"event":"password_reset","userId":22,"email":"bruno@example.com","link":"https://meu-sistema-nps.vercel.app/perfil"},"error":"WhatsApp desabilitado por configuração."}
{"at":"2026-05-26T17:14:35.522Z","event":"user_welcome","provider":"twilio","to":"5562999999999","status":"skipped","metadata":{"event":"user_welcome","userId":77,"email":"maria@example.com"},"error":"WhatsApp desabilitado por configuração."}
{"at":"2026-05-26T17:14:36.856Z","event":"manual_send","provider":"twilio","to":"5562999669966","status":"skipped","metadata":{"event":"manual_send","to":"5562999669966","message":"Teste manual de WhatsApp","userId":1,"verifyFinalStatus":true},"providerMessageId":null,"error":"Configuracao Twilio ausente: TWILIO_ACCOUNT_SID, TWILIO_AUTH_TOKEN, TWILIO_TEMPLATE_GENERIC_SID.","response":null}
{"at":"2026-05-26T17:14:36.877Z","event":"manual_test","provider":"twilio","to":"5562999669966","status":"skipped","metadata":{"event":"manual_test","to":"5562999669966","message":"Envio de mensagem teste","userId":1,"verifyFinalStatus":true},"error":"WhatsApp desabilitado por configuração."}
{"at":"2026-05-26T17:14:37.071Z","event":"password_reset","provider":"twilio","to":"5562999999999","status":"skipped","metadata":{"event":"password_reset","userId":21,"email":"ana@example.com","link":"undefined/perfil"},"error":"WhatsApp desabilitado por configuração."}
{"at":"2026-05-26T17:14:37.248Z","event":"password_reset","provider":"twilio","to":"5562888888888","status":"skipped","metadata":{"event":"password_reset","userId":22,"email":"bruno@example.com","link":"undefined/perfil"},"error":"WhatsApp desabilitado por configuração."}
{"at":"2026-05-26T17:15:24.816Z","event":"user_welcome","provider":"twilio","to":"5562999999999","status":"skipped","metadata":{"event":"user_welcome","userId":77,"email":"maria@example.com"},"error":"WhatsApp desabilitado por configuração."}
{"at":"2026-05-26T17:15:26.430Z","event":"manual_send","provider":"twilio","to":"5562999669966","status":"skipped","metadata":{"event":"manual_send","to":"5562999669966","message":"Teste manual de WhatsApp","userId":1,"verifyFinalStatus":true},"providerMessageId":null,"error":"Configuracao Twilio ausente: TWILIO_ACCOUNT_SID, TWILIO_AUTH_TOKEN, TWILIO_TEMPLATE_GENERIC_SID.","response":null}
{"at":"2026-05-26T17:15:26.449Z","event":"manual_test","provider":"twilio","to":"5562999669966","status":"skipped","metadata":{"event":"manual_test","to":"5562999669966","message":"Envio de mensagem teste","userId":1,"verifyFinalStatus":true},"error":"WhatsApp desabilitado por configuração."}
{"at":"2026-05-26T17:15:26.658Z","event":"password_reset","provider":"twilio","to":"5562999999999","status":"skipped","metadata":{"event":"password_reset","userId":21,"email":"ana@example.com","link":"https://meu-sistema-nps.vercel.app/perfil"},"error":"WhatsApp desabilitado por configuração."}
{"at":"2026-05-26T17:15:26.825Z","event":"password_reset","provider":"twilio","to":"5562888888888","status":"skipped","metadata":{"event":"password_reset","userId":22,"email":"bruno@example.com","link":"https://meu-sistema-nps.vercel.app/perfil"},"error":"WhatsApp desabilitado por configuração."}
{"at":"2026-05-26T17:15:44.268Z","event":"user_welcome","provider":"twilio","to":"5562999999999","status":"skipped","metadata":{"event":"user_welcome","userId":77,"email":"maria@example.com"},"error":"WhatsApp desabilitado por configuração."}
{"at":"2026-05-26T17:15:45.122Z","event":"manual_send","provider":"twilio","to":"5562999669966","status":"skipped","metadata":{"event":"manual_send","to":"5562999669966","message":"Teste manual de WhatsApp","userId":1,"verifyFinalStatus":true},"providerMessageId":null,"error":"Configuracao Twilio ausente: TWILIO_ACCOUNT_SID, TWILIO_AUTH_TOKEN, TWILIO_TEMPLATE_GENERIC_SID.","response":null}
{"at":"2026-05-26T17:15:45.132Z","event":"manual_test","provider":"twilio","to":"5562999669966","status":"skipped","metadata":{"event":"manual_test","to":"5562999669966","message":"Envio de mensagem teste","userId":1,"verifyFinalStatus":true},"error":"WhatsApp desabilitado por configuração."}
{"at":"2026-05-26T17:15:45.254Z","event":"password_reset","provider":"twilio","to":"5562999999999","status":"skipped","metadata":{"event":"password_reset","userId":21,"email":"ana@example.com","link":"https://meu-sistema-nps.vercel.app/perfil"},"error":"WhatsApp desabilitado por configuração."}
{"at":"2026-05-26T17:15:45.363Z","event":"password_reset","provider":"twilio","to":"5562888888888","status":"skipped","metadata":{"event":"password_reset","userId":22,"email":"bruno@example.com","link":"https://meu-sistema-nps.vercel.app/perfil"},"error":"WhatsApp desabilitado por configuração."}
{"at":"2026-05-26T18:16:22.365Z","event":"user_welcome","provider":"twilio","to":"5562999999999","status":"skipped","metadata":{"event":"user_welcome","userId":77,"email":"maria@example.com"},"error":"WhatsApp desabilitado por configuração."}
{"at":"2026-05-26T18:16:22.917Z","event":"manual_send","provider":"twilio","to":"5562999669966","status":"skipped","metadata":{"event":"manual_send","to":"5562999669966","message":"Teste manual de WhatsApp","userId":1,"verifyFinalStatus":true},"providerMessageId":null,"error":"Configuracao Twilio ausente: TWILIO_ACCOUNT_SID, TWILIO_AUTH_TOKEN, TWILIO_TEMPLATE_GENERIC_SID.","response":null}
{"at":"2026-05-26T18:16:22.923Z","event":"manual_test","provider":"twilio","to":"5562999669966","status":"skipped","metadata":{"event":"manual_test","to":"5562999669966","message":"Envio de mensagem teste","userId":1,"verifyFinalStatus":true},"error":"WhatsApp desabilitado por configuração."}
{"at":"2026-05-26T18:16:23.004Z","event":"password_reset","provider":"twilio","to":"5562999999999","status":"skipped","metadata":{"event":"password_reset","userId":21,"email":"ana@example.com","link":"https://meu-sistema-nps.vercel.app/perfil"},"error":"WhatsApp desabilitado por configuração."}
{"at":"2026-05-26T18:16:23.066Z","event":"password_reset","provider":"twilio","to":"5562888888888","status":"skipped","metadata":{"event":"password_reset","userId":22,"email":"bruno@example.com","link":"https://meu-sistema-nps.vercel.app/perfil"},"error":"WhatsApp desabilitado por configuração."}
{"at":"2026-05-26T18:18:05.249Z","event":"user_welcome","provider":"twilio","to":"5562999999999","status":"skipped","metadata":{"event":"user_welcome","userId":77,"email":"maria@example.com"},"error":"WhatsApp desabilitado por configuração."}
{"at":"2026-05-26T18:18:05.606Z","event":"manual_send","provider":"twilio","to":"5562999669966","status":"skipped","metadata":{"event":"manual_send","to":"5562999669966","message":"Teste manual de WhatsApp","userId":1,"verifyFinalStatus":true},"providerMessageId":null,"error":"Configuracao Twilio ausente: TWILIO_ACCOUNT_SID, TWILIO_AUTH_TOKEN, TWILIO_TEMPLATE_GENERIC_SID.","response":null}
{"at":"2026-05-26T18:18:05.612Z","event":"manual_test","provider":"twilio","to":"5562999669966","status":"skipped","metadata":{"event":"manual_test","to":"5562999669966","message":"Envio de mensagem teste","userId":1,"verifyFinalStatus":true},"error":"WhatsApp desabilitado por configuração."}
{"at":"2026-05-26T18:18:05.669Z","event":"password_reset","provider":"twilio","to":"5562999999999","status":"skipped","metadata":{"event":"password_reset","userId":21,"email":"ana@example.com","link":"https://meu-sistema-nps.vercel.app/perfil"},"error":"WhatsApp desabilitado por configuração."}
{"at":"2026-05-26T18:18:05.718Z","event":"password_reset","provider":"twilio","to":"5562888888888","status":"skipped","metadata":{"event":"password_reset","userId":22,"email":"bruno@example.com","link":"https://meu-sistema-nps.vercel.app/perfil"},"error":"WhatsApp desabilitado por configuração."}
{"at":"2026-05-26T18:26:56.116Z","event":"user_welcome","provider":"twilio","to":"5562999999999","status":"skipped","metadata":{"event":"user_welcome","userId":77,"email":"maria@example.com"},"error":"WhatsApp desabilitado por configuração."}
{"at":"2026-05-26T18:26:56.652Z","event":"manual_send","provider":"twilio","to":"5562999669966","status":"skipped","metadata":{"event":"manual_send","to":"5562999669966","message":"Teste manual de WhatsApp","userId":1,"verifyFinalStatus":true},"providerMessageId":null,"error":"Configuracao Twilio ausente: TWILIO_ACCOUNT_SID, TWILIO_AUTH_TOKEN, TWILIO_TEMPLATE_GENERIC_SID.","response":null}
{"at":"2026-05-26T18:26:56.665Z","event":"manual_test","provider":"twilio","to":"5562999669966","status":"skipped","metadata":{"event":"manual_test","to":"5562999669966","message":"Envio de mensagem teste","userId":1,"verifyFinalStatus":true},"error":"WhatsApp desabilitado por configuração."}
{"at":"2026-05-26T18:26:56.752Z","event":"password_reset","provider":"twilio","to":"5562999999999","status":"skipped","metadata":{"event":"password_reset","userId":21,"email":"ana@example.com","link":"https://meu-sistema-nps.vercel.app/perfil"},"error":"WhatsApp desabilitado por configuração."}
{"at":"2026-05-26T18:26:56.825Z","event":"password_reset","provider":"twilio","to":"5562888888888","status":"skipped","metadata":{"event":"password_reset","userId":22,"email":"bruno@example.com","link":"https://meu-sistema-nps.vercel.app/perfil"},"error":"WhatsApp desabilitado por configuração."}
{"at":"2026-05-26T18:30:01.112Z","event":"user_welcome","provider":"twilio","to":"5562999999999","status":"skipped","metadata":{"event":"user_welcome","userId":77,"email":"maria@example.com"},"error":"WhatsApp desabilitado por configuração."}
{"at":"2026-05-26T18:30:02.607Z","event":"manual_send","provider":"twilio","to":"5562999669966","status":"skipped","metadata":{"event":"manual_send","to":"5562999669966","message":"Teste manual de WhatsApp","userId":1,"verifyFinalStatus":true},"providerMessageId":null,"error":"Configuracao Twilio ausente: TWILIO_ACCOUNT_SID, TWILIO_AUTH_TOKEN, TWILIO_TEMPLATE_GENERIC_SID.","response":null}
{"at":"2026-05-26T18:30:02.673Z","event":"manual_test","provider":"twilio","to":"5562999669966","status":"skipped","metadata":{"event":"manual_test","to":"5562999669966","message":"Envio de mensagem teste","userId":1,"verifyFinalStatus":true},"error":"WhatsApp desabilitado por configuração."}
{"at":"2026-05-26T18:30:03.031Z","event":"password_reset","provider":"twilio","to":"5562999999999","status":"skipped","metadata":{"event":"password_reset","userId":21,"email":"ana@example.com","link":"https://meu-sistema-nps.vercel.app/perfil"},"error":"WhatsApp desabilitado por configuração."}
{"at":"2026-05-26T18:30:03.353Z","event":"password_reset","provider":"twilio","to":"5562888888888","status":"skipped","metadata":{"event":"password_reset","userId":22,"email":"bruno@example.com","link":"https://meu-sistema-nps.vercel.app/perfil"},"error":"WhatsApp desabilitado por configuração."}
{"at":"2026-05-27T11:52:56.913Z","event":"user_welcome","provider":"twilio","to":"5562999999999","status":"skipped","metadata":{"event":"user_welcome","userId":77,"email":"maria@example.com"},"error":"WhatsApp desabilitado por configuração."}
{"at":"2026-05-27T11:52:59.554Z","event":"manual_send","provider":"twilio","to":"5562999669966","status":"skipped","metadata":{"event":"manual_send","to":"5562999669966","message":"Teste manual de WhatsApp","userId":1,"verifyFinalStatus":true},"providerMessageId":null,"error":"Configuracao Twilio ausente: TWILIO_ACCOUNT_SID, TWILIO_AUTH_TOKEN, TWILIO_TEMPLATE_GENERIC_SID.","response":null}
{"at":"2026-05-27T11:52:59.600Z","event":"manual_test","provider":"twilio","to":"5562999669966","status":"skipped","metadata":{"event":"manual_test","to":"5562999669966","message":"Envio de mensagem teste","userId":1,"verifyFinalStatus":true},"error":"WhatsApp desabilitado por configuração."}
{"at":"2026-05-27T11:53:00.047Z","event":"password_reset","provider":"twilio","to":"5562999999999","status":"skipped","metadata":{"event":"password_reset","userId":21,"email":"ana@example.com","link":"https://meu-sistema-nps.vercel.app/perfil"},"error":"WhatsApp desabilitado por configuração."}
{"at":"2026-05-27T11:53:00.415Z","event":"password_reset","provider":"twilio","to":"5562888888888","status":"skipped","metadata":{"event":"password_reset","userId":22,"email":"bruno@example.com","link":"https://meu-sistema-nps.vercel.app/perfil"},"error":"WhatsApp desabilitado por configuração."}
{"at":"2026-05-27T13:56:03.800Z","event":"user_welcome","provider":"twilio","to":"5562999999999","status":"skipped","metadata":{"event":"user_welcome","userId":77,"email":"maria@example.com"},"error":"WhatsApp desabilitado por configuração."}
{"at":"2026-05-27T13:56:07.062Z","event":"manual_send","provider":"twilio","to":"5562999669966","status":"skipped","metadata":{"event":"manual_send","to":"5562999669966","message":"Teste manual de WhatsApp","userId":1,"verifyFinalStatus":true},"providerMessageId":null,"error":"Configuracao Twilio ausente: TWILIO_ACCOUNT_SID, TWILIO_AUTH_TOKEN, TWILIO_TEMPLATE_GENERIC_SID.","response":null}
{"at":"2026-05-27T13:56:07.136Z","event":"manual_test","provider":"twilio","to":"5562999669966","status":"skipped","metadata":{"event":"manual_test","to":"5562999669966","message":"Envio de mensagem teste","userId":1,"verifyFinalStatus":true},"error":"WhatsApp desabilitado por configuração."}
{"at":"2026-05-27T13:56:07.763Z","event":"password_reset","provider":"twilio","to":"5562999999999","status":"skipped","metadata":{"event":"password_reset","userId":21,"email":"ana@example.com","link":"https://meu-sistema-nps.vercel.app/perfil"},"error":"WhatsApp desabilitado por configuração."}
{"at":"2026-05-27T13:56:08.340Z","event":"password_reset","provider":"twilio","to":"5562888888888","status":"skipped","metadata":{"event":"password_reset","userId":22,"email":"bruno@example.com","link":"https://meu-sistema-nps.vercel.app/perfil"},"error":"WhatsApp desabilitado por configuração."}
{"at":"2026-05-27T13:59:54.818Z","event":"user_welcome","provider":"twilio","to":"5562999999999","status":"skipped","metadata":{"event":"user_welcome","userId":77,"email":"maria@example.com"},"error":"WhatsApp desabilitado por configuração."}
{"at":"2026-05-27T13:59:57.873Z","event":"manual_send","provider":"twilio","to":"5562999669966","status":"skipped","metadata":{"event":"manual_send","to":"5562999669966","message":"Teste manual de WhatsApp","userId":1,"verifyFinalStatus":true},"providerMessageId":null,"error":"Configuracao Twilio ausente: TWILIO_ACCOUNT_SID, TWILIO_AUTH_TOKEN, TWILIO_TEMPLATE_GENERIC_SID.","response":null}
{"at":"2026-05-27T13:59:57.972Z","event":"manual_test","provider":"twilio","to":"5562999669966","status":"skipped","metadata":{"event":"manual_test","to":"5562999669966","message":"Envio de mensagem teste","userId":1,"verifyFinalStatus":true},"error":"WhatsApp desabilitado por configuração."}
{"at":"2026-05-27T13:59:58.534Z","event":"password_reset","provider":"twilio","to":"5562999999999","status":"skipped","metadata":{"event":"password_reset","userId":21,"email":"ana@example.com","link":"https://meu-sistema-nps.vercel.app/perfil"},"error":"WhatsApp desabilitado por configuração."}
{"at":"2026-05-27T13:59:58.888Z","event":"password_reset","provider":"twilio","to":"5562888888888","status":"skipped","metadata":{"event":"password_reset","userId":22,"email":"bruno@example.com","link":"https://meu-sistema-nps.vercel.app/perfil"},"error":"WhatsApp desabilitado por configuração."}
{"at":"2026-05-27T14:02:29.842Z","event":"user_welcome","provider":"twilio","to":"5562999999999","status":"skipped","metadata":{"event":"user_welcome","userId":77,"email":"maria@example.com"},"error":"WhatsApp desabilitado por configuração."}
{"at":"2026-05-27T14:02:31.583Z","event":"manual_send","provider":"twilio","to":"5562999669966","status":"skipped","metadata":{"event":"manual_send","to":"5562999669966","message":"Teste manual de WhatsApp","userId":1,"verifyFinalStatus":true},"providerMessageId":null,"error":"Configuracao Twilio ausente: TWILIO_ACCOUNT_SID, TWILIO_AUTH_TOKEN, TWILIO_TEMPLATE_GENERIC_SID.","response":null}
{"at":"2026-05-27T14:02:31.643Z","event":"manual_test","provider":"twilio","to":"5562999669966","status":"skipped","metadata":{"event":"manual_test","to":"5562999669966","message":"Envio de mensagem teste","userId":1,"verifyFinalStatus":true},"error":"WhatsApp desabilitado por configuração."}
{"at":"2026-05-27T14:02:31.865Z","event":"password_reset","provider":"twilio","to":"5562999999999","status":"skipped","metadata":{"event":"password_reset","userId":21,"email":"ana@example.com","link":"https://meu-sistema-nps.vercel.app/perfil"},"error":"WhatsApp desabilitado por configuração."}
{"at":"2026-05-27T14:02:32.083Z","event":"password_reset","provider":"twilio","to":"5562888888888","status":"skipped","metadata":{"event":"password_reset","userId":22,"email":"bruno@example.com","link":"https://meu-sistema-nps.vercel.app/perfil"},"error":"WhatsApp desabilitado por configuração."}
{"at":"2026-05-27T14:05:12.078Z","event":"user_welcome","provider":"twilio","to":"5562999999999","status":"skipped","metadata":{"event":"user_welcome","userId":77,"email":"maria@example.com"},"error":"WhatsApp desabilitado por configuração."}
{"at":"2026-05-27T14:05:16.184Z","event":"manual_send","provider":"twilio","to":"5562999669966","status":"skipped","metadata":{"event":"manual_send","to":"5562999669966","message":"Teste manual de WhatsApp","userId":1,"verifyFinalStatus":true},"providerMessageId":null,"error":"Configuracao Twilio ausente: TWILIO_ACCOUNT_SID, TWILIO_AUTH_TOKEN, TWILIO_TEMPLATE_GENERIC_SID.","response":null}
{"at":"2026-05-27T14:05:16.269Z","event":"manual_test","provider":"twilio","to":"5562999669966","status":"skipped","metadata":{"event":"manual_test","to":"5562999669966","message":"Envio de mensagem teste","userId":1,"verifyFinalStatus":true},"error":"WhatsApp desabilitado por configuração."}
{"at":"2026-05-27T14:05:16.783Z","event":"password_reset","provider":"twilio","to":"5562999999999","status":"skipped","metadata":{"event":"password_reset","userId":21,"email":"ana@example.com","link":"https://meu-sistema-nps.vercel.app/perfil"},"error":"WhatsApp desabilitado por configuração."}
{"at":"2026-05-27T14:05:17.140Z","event":"password_reset","provider":"twilio","to":"5562888888888","status":"skipped","metadata":{"event":"password_reset","userId":22,"email":"bruno@example.com","link":"https://meu-sistema-nps.vercel.app/perfil"},"error":"WhatsApp desabilitado por configuração."}
{"at":"2026-05-27T14:06:04.655Z","event":"user_welcome","provider":"twilio","to":"5562999999999","status":"skipped","metadata":{"event":"user_welcome","userId":77,"email":"maria@example.com"},"error":"WhatsApp desabilitado por configuração."}
{"at":"2026-05-27T14:06:06.739Z","event":"manual_send","provider":"twilio","to":"5562999669966","status":"skipped","metadata":{"event":"manual_send","to":"5562999669966","message":"Teste manual de WhatsApp","userId":1,"verifyFinalStatus":true},"providerMessageId":null,"error":"Configuracao Twilio ausente: TWILIO_ACCOUNT_SID, TWILIO_AUTH_TOKEN, TWILIO_TEMPLATE_GENERIC_SID.","response":null}
{"at":"2026-05-27T14:06:06.790Z","event":"manual_test","provider":"twilio","to":"5562999669966","status":"skipped","metadata":{"event":"manual_test","to":"5562999669966","message":"Envio de mensagem teste","userId":1,"verifyFinalStatus":true},"error":"WhatsApp desabilitado por configuração."}
{"at":"2026-05-27T14:06:07.134Z","event":"password_reset","provider":"twilio","to":"5562999999999","status":"skipped","metadata":{"event":"password_reset","userId":21,"email":"ana@example.com","link":"https://meu-sistema-nps.vercel.app/perfil"},"error":"WhatsApp desabilitado por configuração."}
{"at":"2026-05-27T14:06:07.402Z","event":"password_reset","provider":"twilio","to":"5562888888888","status":"skipped","metadata":{"event":"password_reset","userId":22,"email":"bruno@example.com","link":"https://meu-sistema-nps.vercel.app/perfil"},"error":"WhatsApp desabilitado por configuração."}
{"at":"2026-05-27T14:14:23.561Z","event":"user_welcome","provider":"twilio","to":"5562999999999","status":"skipped","metadata":{"event":"user_welcome","userId":77,"email":"maria@example.com"},"error":"WhatsApp desabilitado por configuração."}
{"at":"2026-05-27T14:14:25.476Z","event":"manual_send","provider":"twilio","to":"5562999669966","status":"skipped","metadata":{"event":"manual_send","to":"5562999669966","message":"Teste manual de WhatsApp","userId":1,"verifyFinalStatus":true},"providerMessageId":null,"error":"Configuracao Twilio ausente: TWILIO_ACCOUNT_SID, TWILIO_AUTH_TOKEN, TWILIO_TEMPLATE_GENERIC_SID.","response":null}
{"at":"2026-05-27T14:14:25.506Z","event":"manual_test","provider":"twilio","to":"5562999669966","status":"skipped","metadata":{"event":"manual_test","to":"5562999669966","message":"Envio de mensagem teste","userId":1,"verifyFinalStatus":true},"error":"WhatsApp desabilitado por configuração."}
{"at":"2026-05-27T14:14:25.743Z","event":"password_reset","provider":"twilio","to":"5562999999999","status":"skipped","metadata":{"event":"password_reset","userId":21,"email":"ana@example.com","link":"https://meu-sistema-nps.vercel.app/perfil"},"error":"WhatsApp desabilitado por configuração."}
{"at":"2026-05-27T14:14:25.984Z","event":"password_reset","provider":"twilio","to":"5562888888888","status":"skipped","metadata":{"event":"password_reset","userId":22,"email":"bruno@example.com","link":"https://meu-sistema-nps.vercel.app/perfil"},"error":"WhatsApp desabilitado por configuração."}
{"at":"2026-05-27T14:46:57.451Z","event":"user_welcome","provider":"twilio","to":"5562999999999","status":"skipped","metadata":{"event":"user_welcome","userId":77,"email":"maria@example.com"},"error":"WhatsApp desabilitado por configuração."}
{"at":"2026-05-27T14:46:59.819Z","event":"manual_send","provider":"twilio","to":"5562999669966","status":"skipped","metadata":{"event":"manual_send","to":"5562999669966","message":"Teste manual de WhatsApp","userId":1,"verifyFinalStatus":true},"providerMessageId":null,"error":"Configuracao Twilio ausente: TWILIO_ACCOUNT_SID, TWILIO_AUTH_TOKEN, TWILIO_TEMPLATE_GENERIC_SID.","response":null}
{"at":"2026-05-27T14:46:59.862Z","event":"manual_test","provider":"twilio","to":"5562999669966","status":"skipped","metadata":{"event":"manual_test","to":"5562999669966","message":"Envio de mensagem teste","userId":1,"verifyFinalStatus":true},"error":"WhatsApp desabilitado por configuração."}
{"at":"2026-05-27T14:47:00.217Z","event":"password_reset","provider":"twilio","to":"5562999999999","status":"skipped","metadata":{"event":"password_reset","userId":21,"email":"ana@example.com","link":"https://meu-sistema-nps.vercel.app/perfil"},"error":"WhatsApp desabilitado por configuração."}
{"at":"2026-05-27T14:47:00.439Z","event":"password_reset","provider":"twilio","to":"5562888888888","status":"skipped","metadata":{"event":"password_reset","userId":22,"email":"bruno@example.com","link":"https://meu-sistema-nps.vercel.app/perfil"},"error":"WhatsApp desabilitado por configuração."}
{"at":"2026-05-27T20:30:24.424Z","event":"user_welcome","provider":"twilio","to":"5562999999999","status":"skipped","metadata":{"event":"user_welcome","userId":77,"email":"maria@example.com"},"error":"WhatsApp desabilitado por configuração."}
{"at":"2026-05-27T20:30:26.272Z","event":"manual_send","provider":"twilio","to":"5562999669966","status":"skipped","metadata":{"event":"manual_send","to":"5562999669966","message":"Teste manual de WhatsApp","userId":1,"verifyFinalStatus":true},"providerMessageId":null,"error":"Configuracao Twilio ausente: TWILIO_ACCOUNT_SID, TWILIO_AUTH_TOKEN, TWILIO_TEMPLATE_GENERIC_SID.","response":null}
{"at":"2026-05-27T20:30:26.319Z","event":"manual_test","provider":"twilio","to":"5562999669966","status":"skipped","metadata":{"event":"manual_test","to":"5562999669966","message":"Envio de mensagem teste","userId":1,"verifyFinalStatus":true},"error":"WhatsApp desabilitado por configuração."}
{"at":"2026-05-27T20:30:26.685Z","event":"password_reset","provider":"twilio","to":"5562999999999","status":"skipped","metadata":{"event":"password_reset","userId":21,"email":"ana@example.com","link":"https://meu-sistema-nps.vercel.app/perfil"},"error":"WhatsApp desabilitado por configuração."}
{"at":"2026-05-27T20:30:27.272Z","event":"password_reset","provider":"twilio","to":"5562888888888","status":"skipped","metadata":{"event":"password_reset","userId":22,"email":"bruno@example.com","link":"https://meu-sistema-nps.vercel.app/perfil"},"error":"WhatsApp desabilitado por configuração."}
{"at":"2026-05-28T11:50:31.010Z","event":"user_welcome","provider":"twilio","to":"5562999999999","status":"skipped","metadata":{"event":"user_welcome","userId":77,"email":"maria@example.com"},"error":"WhatsApp desabilitado por configuração."}
{"at":"2026-05-28T11:50:33.111Z","event":"manual_send","provider":"twilio","to":"5562999669966","status":"skipped","metadata":{"event":"manual_send","to":"5562999669966","message":"Teste manual de WhatsApp","userId":1,"verifyFinalStatus":true},"providerMessageId":null,"error":"Configuracao Twilio ausente: TWILIO_ACCOUNT_SID, TWILIO_AUTH_TOKEN, TWILIO_TEMPLATE_GENERIC_SID.","response":null}
{"at":"2026-05-28T11:50:33.139Z","event":"manual_test","provider":"twilio","to":"5562999669966","status":"skipped","metadata":{"event":"manual_test","to":"5562999669966","message":"Envio de mensagem teste","userId":1,"verifyFinalStatus":true},"error":"WhatsApp desabilitado por configuração."}
{"at":"2026-05-28T11:50:33.456Z","event":"password_reset","provider":"twilio","to":"5562999999999","status":"skipped","metadata":{"event":"password_reset","userId":21,"email":"ana@example.com","link":"https://meu-sistema-nps.vercel.app/perfil"},"error":"WhatsApp desabilitado por configuração."}
{"at":"2026-05-28T11:50:33.834Z","event":"password_reset","provider":"twilio","to":"5562888888888","status":"skipped","metadata":{"event":"password_reset","userId":22,"email":"bruno@example.com","link":"https://meu-sistema-nps.vercel.app/perfil"},"error":"WhatsApp desabilitado por configuração."}
{"at":"2026-05-28T11:58:35.783Z","event":"user_welcome","provider":"twilio","to":"5562999999999","status":"skipped","metadata":{"event":"user_welcome","userId":77,"email":"maria@example.com"},"error":"WhatsApp desabilitado por configuração."}
{"at":"2026-05-28T11:58:36.934Z","event":"manual_send","provider":"twilio","to":"5562999669966","status":"skipped","metadata":{"event":"manual_send","to":"5562999669966","message":"Teste manual de WhatsApp","userId":1,"verifyFinalStatus":true},"providerMessageId":null,"error":"Configuracao Twilio ausente: TWILIO_ACCOUNT_SID, TWILIO_AUTH_TOKEN, TWILIO_TEMPLATE_GENERIC_SID.","response":null}
{"at":"2026-05-28T11:58:36.951Z","event":"manual_test","provider":"twilio","to":"5562999669966","status":"skipped","metadata":{"event":"manual_test","to":"5562999669966","message":"Envio de mensagem teste","userId":1,"verifyFinalStatus":true},"error":"WhatsApp desabilitado por configuração."}
{"at":"2026-05-28T11:58:37.158Z","event":"password_reset","provider":"twilio","to":"5562999999999","status":"skipped","metadata":{"event":"password_reset","userId":21,"email":"ana@example.com","link":"https://meu-sistema-nps.vercel.app/perfil"},"error":"WhatsApp desabilitado por configuração."}
{"at":"2026-05-28T11:58:37.324Z","event":"password_reset","provider":"twilio","to":"5562888888888","status":"skipped","metadata":{"event":"password_reset","userId":22,"email":"bruno@example.com","link":"https://meu-sistema-nps.vercel.app/perfil"},"error":"WhatsApp desabilitado por configuração."}
{"at":"2026-05-28T12:10:27.139Z","event":"user_welcome","provider":"twilio","to":"5562999999999","status":"skipped","metadata":{"event":"user_welcome","userId":77,"email":"maria@example.com"},"error":"WhatsApp desabilitado por configuração."}
{"at":"2026-05-28T12:10:30.293Z","event":"manual_send","provider":"twilio","to":"5562999669966","status":"skipped","metadata":{"event":"manual_send","to":"5562999669966","message":"Teste manual de WhatsApp","userId":1,"verifyFinalStatus":true},"providerMessageId":null,"error":"Configuracao Twilio ausente: TWILIO_ACCOUNT_SID, TWILIO_AUTH_TOKEN, TWILIO_TEMPLATE_GENERIC_SID.","response":null}
{"at":"2026-05-28T12:10:30.331Z","event":"manual_test","provider":"twilio","to":"5562999669966","status":"skipped","metadata":{"event":"manual_test","to":"5562999669966","message":"Envio de mensagem teste","userId":1,"verifyFinalStatus":true},"error":"WhatsApp desabilitado por configuração."}
{"at":"2026-05-28T12:10:30.674Z","event":"password_reset","provider":"twilio","to":"5562999999999","status":"skipped","metadata":{"event":"password_reset","userId":21,"email":"ana@example.com","link":"https://meu-sistema-nps.vercel.app/perfil"},"error":"WhatsApp desabilitado por configuração."}
{"at":"2026-05-28T12:10:30.938Z","event":"password_reset","provider":"twilio","to":"5562888888888","status":"skipped","metadata":{"event":"password_reset","userId":22,"email":"bruno@example.com","link":"https://meu-sistema-nps.vercel.app/perfil"},"error":"WhatsApp desabilitado por configuração."}
{"at":"2026-05-28T12:27:04.611Z","event":"user_welcome","provider":"twilio","to":"5562999999999","status":"skipped","metadata":{"event":"user_welcome","userId":77,"email":"maria@example.com"},"error":"WhatsApp desabilitado por configuração."}
{"at":"2026-05-28T12:27:07.050Z","event":"manual_send","provider":"twilio","to":"5562999669966","status":"skipped","metadata":{"event":"manual_send","to":"5562999669966","message":"Teste manual de WhatsApp","userId":1,"verifyFinalStatus":true},"providerMessageId":null,"error":"Configuracao Twilio ausente: TWILIO_ACCOUNT_SID, TWILIO_AUTH_TOKEN, TWILIO_TEMPLATE_GENERIC_SID.","response":null}
{"at":"2026-05-28T12:27:07.200Z","event":"manual_test","provider":"twilio","to":"5562999669966","status":"skipped","metadata":{"event":"manual_test","to":"5562999669966","message":"Envio de mensagem teste","userId":1,"verifyFinalStatus":true},"error":"WhatsApp desabilitado por configuração."}
{"at":"2026-05-28T12:27:07.697Z","event":"password_reset","provider":"twilio","to":"5562999999999","status":"skipped","metadata":{"event":"password_reset","userId":21,"email":"ana@example.com","link":"https://meu-sistema-nps.vercel.app/perfil"},"error":"WhatsApp desabilitado por configuração."}
{"at":"2026-05-28T12:27:08.135Z","event":"password_reset","provider":"twilio","to":"5562888888888","status":"skipped","metadata":{"event":"password_reset","userId":22,"email":"bruno@example.com","link":"https://meu-sistema-nps.vercel.app/perfil"},"error":"WhatsApp desabilitado por configuração."}
{"at":"2026-05-28T12:46:47.525Z","event":"user_welcome","provider":"twilio","to":"5562999999999","status":"skipped","metadata":{"event":"user_welcome","userId":77,"email":"maria@example.com"},"error":"WhatsApp desabilitado por configuração."}
{"at":"2026-05-28T12:46:49.207Z","event":"manual_send","provider":"twilio","to":"5562999669966","status":"skipped","metadata":{"event":"manual_send","to":"5562999669966","message":"Teste manual de WhatsApp","userId":1,"verifyFinalStatus":true},"providerMessageId":null,"error":"Configuracao Twilio ausente: TWILIO_ACCOUNT_SID, TWILIO_AUTH_TOKEN, TWILIO_TEMPLATE_GENERIC_SID.","response":null}
{"at":"2026-05-28T12:46:49.235Z","event":"manual_test","provider":"twilio","to":"5562999669966","status":"skipped","metadata":{"event":"manual_test","to":"5562999669966","message":"Envio de mensagem teste","userId":1,"verifyFinalStatus":true},"error":"WhatsApp desabilitado por configuração."}
{"at":"2026-05-28T12:46:49.454Z","event":"password_reset","provider":"twilio","to":"5562999999999","status":"skipped","metadata":{"event":"password_reset","userId":21,"email":"ana@example.com","link":"https://meu-sistema-nps.vercel.app/perfil"},"error":"WhatsApp desabilitado por configuração."}
{"at":"2026-05-28T12:46:49.634Z","event":"password_reset","provider":"twilio","to":"5562888888888","status":"skipped","metadata":{"event":"password_reset","userId":22,"email":"bruno@example.com","link":"https://meu-sistema-nps.vercel.app/perfil"},"error":"WhatsApp desabilitado por configuração."}
{"at":"2026-05-28T13:00:06.596Z","event":"user_welcome","provider":"twilio","to":"5562999999999","status":"skipped","metadata":{"event":"user_welcome","userId":77,"email":"maria@example.com"},"error":"WhatsApp desabilitado por configuração."}
{"at":"2026-05-28T13:00:07.582Z","event":"manual_send","provider":"twilio","to":"5562999669966","status":"skipped","metadata":{"event":"manual_send","to":"5562999669966","message":"Teste manual de WhatsApp","userId":1,"verifyFinalStatus":true},"providerMessageId":null,"error":"Configuracao Twilio ausente: TWILIO_ACCOUNT_SID, TWILIO_AUTH_TOKEN, TWILIO_TEMPLATE_GENERIC_SID.","response":null}
{"at":"2026-05-28T13:00:07.609Z","event":"manual_test","provider":"twilio","to":"5562999669966","status":"skipped","metadata":{"event":"manual_test","to":"5562999669966","message":"Envio de mensagem teste","userId":1,"verifyFinalStatus":true},"error":"WhatsApp desabilitado por configuração."}
{"at":"2026-05-28T13:00:07.799Z","event":"password_reset","provider":"twilio","to":"5562999999999","status":"skipped","metadata":{"event":"password_reset","userId":21,"email":"ana@example.com","link":"https://meu-sistema-nps.vercel.app/perfil"},"error":"WhatsApp desabilitado por configuração."}
{"at":"2026-05-28T13:00:08.014Z","event":"password_reset","provider":"twilio","to":"5562888888888","status":"skipped","metadata":{"event":"password_reset","userId":22,"email":"bruno@example.com","link":"https://meu-sistema-nps.vercel.app/perfil"},"error":"WhatsApp desabilitado por configuração."}
{"at":"2026-05-28T14:15:19.297Z","event":"user_welcome","provider":"twilio","to":"5562999999999","status":"skipped","metadata":{"event":"user_welcome","userId":77,"email":"maria@example.com"},"error":"WhatsApp desabilitado por configuração."}
{"at":"2026-05-28T14:15:50.997Z","event":"user_welcome","provider":"twilio","to":"5562999999999","status":"skipped","metadata":{"event":"user_welcome","userId":77,"email":"maria@example.com"},"error":"WhatsApp desabilitado por configuração."}
{"at":"2026-05-28T14:15:51.468Z","event":"manual_send","provider":"twilio","to":"5562999669966","status":"skipped","metadata":{"event":"manual_send","to":"5562999669966","message":"Teste manual de WhatsApp","userId":1,"verifyFinalStatus":true},"providerMessageId":null,"error":"Configuracao Twilio ausente: TWILIO_ACCOUNT_SID, TWILIO_AUTH_TOKEN, TWILIO_TEMPLATE_GENERIC_SID.","response":null}
{"at":"2026-05-28T14:15:51.474Z","event":"manual_test","provider":"twilio","to":"5562999669966","status":"skipped","metadata":{"event":"manual_test","to":"5562999669966","message":"Envio de mensagem teste","userId":1,"verifyFinalStatus":true},"error":"WhatsApp desabilitado por configuração."}
{"at":"2026-05-28T14:15:51.553Z","event":"password_reset","provider":"twilio","to":"5562999999999","status":"skipped","metadata":{"event":"password_reset","userId":21,"email":"ana@example.com","link":"https://meu-sistema-nps.vercel.app/perfil"},"error":"WhatsApp desabilitado por configuração."}
{"at":"2026-05-28T14:15:51.608Z","event":"password_reset","provider":"twilio","to":"5562888888888","status":"skipped","metadata":{"event":"password_reset","userId":22,"email":"bruno@example.com","link":"https://meu-sistema-nps.vercel.app/perfil"},"error":"WhatsApp desabilitado por configuração."}
{"at":"2026-05-28T16:55:26.147Z","event":"user_welcome","provider":"twilio","to":"5562999999999","status":"skipped","metadata":{"event":"user_welcome","userId":77,"email":"maria@example.com"},"error":"WhatsApp desabilitado por configuração."}
{"at":"2026-05-28T16:55:31.360Z","event":"manual_send","provider":"twilio","to":"5562999669966","status":"skipped","metadata":{"event":"manual_send","to":"5562999669966","message":"Teste manual de WhatsApp","userId":1,"verifyFinalStatus":true},"providerMessageId":null,"error":"Configuracao Twilio ausente: TWILIO_ACCOUNT_SID, TWILIO_AUTH_TOKEN, TWILIO_TEMPLATE_GENERIC_SID.","response":null}
{"at":"2026-05-28T16:55:31.429Z","event":"manual_test","provider":"twilio","to":"5562999669966","status":"skipped","metadata":{"event":"manual_test","to":"5562999669966","message":"Envio de mensagem teste","userId":1,"verifyFinalStatus":true},"error":"WhatsApp desabilitado por configuração."}
{"at":"2026-05-28T16:55:31.786Z","event":"password_reset","provider":"twilio","to":"5562999999999","status":"skipped","metadata":{"event":"password_reset","userId":21,"email":"ana@example.com","link":"https://meu-sistema-nps.vercel.app/perfil"},"error":"WhatsApp desabilitado por configuração."}
{"at":"2026-05-28T16:55:32.300Z","event":"password_reset","provider":"twilio","to":"5562888888888","status":"skipped","metadata":{"event":"password_reset","userId":22,"email":"bruno@example.com","link":"https://meu-sistema-nps.vercel.app/perfil"},"error":"WhatsApp desabilitado por configuração."}
{"at":"2026-05-28T17:03:57.524Z","event":"user_welcome","provider":"twilio","to":"5562999999999","status":"skipped","metadata":{"event":"user_welcome","userId":77,"email":"maria@example.com"},"error":"WhatsApp desabilitado por configuração."}
{"at":"2026-05-28T17:04:00.384Z","event":"manual_send","provider":"twilio","to":"5562999669966","status":"skipped","metadata":{"event":"manual_send","to":"5562999669966","message":"Teste manual de WhatsApp","userId":1,"verifyFinalStatus":true},"providerMessageId":null,"error":"Configuracao Twilio ausente: TWILIO_ACCOUNT_SID, TWILIO_AUTH_TOKEN, TWILIO_TEMPLATE_GENERIC_SID.","response":null}
{"at":"2026-05-28T17:04:00.432Z","event":"manual_test","provider":"twilio","to":"5562999669966","status":"skipped","metadata":{"event":"manual_test","to":"5562999669966","message":"Envio de mensagem teste","userId":1,"verifyFinalStatus":true},"error":"WhatsApp desabilitado por configuração."}
{"at":"2026-05-28T17:04:00.751Z","event":"password_reset","provider":"twilio","to":"5562999999999","status":"skipped","metadata":{"event":"password_reset","userId":21,"email":"ana@example.com","link":"https://meu-sistema-nps.vercel.app/perfil"},"error":"WhatsApp desabilitado por configuração."}
{"at":"2026-05-28T17:04:01.138Z","event":"password_reset","provider":"twilio","to":"5562888888888","status":"skipped","metadata":{"event":"password_reset","userId":22,"email":"bruno@example.com","link":"https://meu-sistema-nps.vercel.app/perfil"},"error":"WhatsApp desabilitado por configuração."}
{"at":"2026-06-02T13:43:49.558Z","event":"user_welcome","provider":"twilio","to":"5562999999999","status":"skipped","metadata":{"event":"user_welcome","userId":77,"email":"maria@example.com"},"error":"WhatsApp desabilitado por configuração."}
{"at":"2026-06-02T13:43:50.897Z","event":"manual_send","provider":"twilio","to":"5562999669966","status":"skipped","metadata":{"event":"manual_send","to":"5562999669966","message":"Teste manual de WhatsApp","userId":1,"verifyFinalStatus":true},"providerMessageId":null,"error":"Configuracao Twilio ausente: TWILIO_ACCOUNT_SID, TWILIO_AUTH_TOKEN, TWILIO_TEMPLATE_GENERIC_SID.","response":null}
{"at":"2026-06-02T13:43:50.917Z","event":"manual_test","provider":"twilio","to":"5562999669966","status":"skipped","metadata":{"event":"manual_test","to":"5562999669966","message":"Envio de mensagem teste","userId":1,"verifyFinalStatus":true},"error":"WhatsApp desabilitado por configuração."}
{"at":"2026-06-02T13:43:51.188Z","event":"password_reset","provider":"twilio","to":"5562999999999","status":"skipped","metadata":{"event":"password_reset","userId":21,"email":"ana@example.com","link":"https://meu-sistema-nps.vercel.app/perfil"},"error":"WhatsApp desabilitado por configuração."}
{"at":"2026-06-02T13:43:51.397Z","event":"password_reset","provider":"twilio","to":"5562888888888","status":"skipped","metadata":{"event":"password_reset","userId":22,"email":"bruno@example.com","link":"https://meu-sistema-nps.vercel.app/perfil"},"error":"WhatsApp desabilitado por configuração."}
{"at":"2026-06-02T15:01:44.574Z","event":"user_welcome","provider":"twilio","to":"5562999999999","status":"skipped","metadata":{"event":"user_welcome","userId":77,"email":"maria@example.com"},"error":"WhatsApp desabilitado por configuração."}
{"at":"2026-06-02T15:01:46.938Z","event":"manual_send","provider":"twilio","to":"5562999669966","status":"skipped","metadata":{"event":"manual_send","to":"5562999669966","message":"Teste manual de WhatsApp","userId":1,"verifyFinalStatus":true},"providerMessageId":null,"error":"Configuracao Twilio ausente: TWILIO_ACCOUNT_SID, TWILIO_AUTH_TOKEN, TWILIO_TEMPLATE_GENERIC_SID.","response":null}
{"at":"2026-06-02T15:01:46.952Z","event":"manual_test","provider":"twilio","to":"5562999669966","status":"skipped","metadata":{"event":"manual_test","to":"5562999669966","message":"Envio de mensagem teste","userId":1,"verifyFinalStatus":true},"error":"WhatsApp desabilitado por configuração."}
{"at":"2026-06-02T15:01:47.187Z","event":"password_reset","provider":"twilio","to":"5562999999999","status":"skipped","metadata":{"event":"password_reset","userId":21,"email":"ana@example.com","link":"https://meu-sistema-nps.vercel.app/perfil"},"error":"WhatsApp desabilitado por configuração."}
{"at":"2026-06-02T15:01:47.325Z","event":"password_reset","provider":"twilio","to":"5562888888888","status":"skipped","metadata":{"event":"password_reset","userId":22,"email":"bruno@example.com","link":"https://meu-sistema-nps.vercel.app/perfil"},"error":"WhatsApp desabilitado por configuração."}
{"at":"2026-06-02T20:46:11.507Z","event":"user_welcome","provider":"twilio","to":"5562999999999","status":"skipped","metadata":{"event":"user_welcome","userId":77,"email":"maria@example.com"},"error":"WhatsApp desabilitado por configuração."}
{"at":"2026-06-02T20:46:12.401Z","event":"manual_send","provider":"twilio","to":"5562999669966","status":"skipped","metadata":{"event":"manual_send","to":"5562999669966","message":"Teste manual de WhatsApp","userId":1,"verifyFinalStatus":true},"providerMessageId":null,"error":"Configuracao Twilio ausente: TWILIO_ACCOUNT_SID, TWILIO_AUTH_TOKEN, TWILIO_TEMPLATE_GENERIC_SID.","response":null}
{"at":"2026-06-02T20:46:12.415Z","event":"manual_test","provider":"twilio","to":"5562999669966","status":"skipped","metadata":{"event":"manual_test","to":"5562999669966","message":"Envio de mensagem teste","userId":1,"verifyFinalStatus":true},"error":"WhatsApp desabilitado por configuração."}
{"at":"2026-06-02T20:46:12.550Z","event":"password_reset","provider":"twilio","to":"5562999999999","status":"skipped","metadata":{"event":"password_reset","userId":21,"email":"ana@example.com","link":"https://meu-sistema-nps.vercel.app/perfil"},"error":"WhatsApp desabilitado por configuração."}
{"at":"2026-06-02T20:46:12.668Z","event":"password_reset","provider":"twilio","to":"5562888888888","status":"skipped","metadata":{"event":"password_reset","userId":22,"email":"bruno@example.com","link":"https://meu-sistema-nps.vercel.app/perfil"},"error":"WhatsApp desabilitado por configuração."}
{"at":"2026-06-02T20:46:37.148Z","event":"user_welcome","provider":"twilio","to":"5562999999999","status":"skipped","metadata":{"event":"user_welcome","userId":77,"email":"maria@example.com"},"error":"WhatsApp desabilitado por configuração."}
{"at":"2026-06-02T20:46:38.029Z","event":"manual_send","provider":"twilio","to":"5562999669966","status":"skipped","metadata":{"event":"manual_send","to":"5562999669966","message":"Teste manual de WhatsApp","userId":1,"verifyFinalStatus":true},"providerMessageId":null,"error":"Configuracao Twilio ausente: TWILIO_ACCOUNT_SID, TWILIO_AUTH_TOKEN, TWILIO_TEMPLATE_GENERIC_SID.","response":null}
{"at":"2026-06-02T20:46:38.063Z","event":"manual_test","provider":"twilio","to":"5562999669966","status":"skipped","metadata":{"event":"manual_test","to":"5562999669966","message":"Envio de mensagem teste","userId":1,"verifyFinalStatus":true},"error":"WhatsApp desabilitado por configuração."}
{"at":"2026-06-02T20:46:38.254Z","event":"password_reset","provider":"twilio","to":"5562999999999","status":"skipped","metadata":{"event":"password_reset","userId":21,"email":"ana@example.com","link":"https://meu-sistema-nps.vercel.app/perfil"},"error":"WhatsApp desabilitado por configuração."}
{"at":"2026-06-02T20:46:38.397Z","event":"password_reset","provider":"twilio","to":"5562888888888","status":"skipped","metadata":{"event":"password_reset","userId":22,"email":"bruno@example.com","link":"https://meu-sistema-nps.vercel.app/perfil"},"error":"WhatsApp desabilitado por configuração."}
{"at":"2026-06-02T20:54:13.756Z","event":"user_welcome","provider":"twilio","to":"5562999999999","status":"skipped","metadata":{"event":"user_welcome","userId":77,"email":"maria@example.com"},"error":"WhatsApp desabilitado por configuração."}
{"at":"2026-06-02T20:54:14.672Z","event":"manual_send","provider":"twilio","to":"5562999669966","status":"skipped","metadata":{"event":"manual_send","to":"5562999669966","message":"Teste manual de WhatsApp","userId":1,"verifyFinalStatus":true},"providerMessageId":null,"error":"Configuracao Twilio ausente: TWILIO_ACCOUNT_SID, TWILIO_AUTH_TOKEN, TWILIO_TEMPLATE_GENERIC_SID.","response":null}
{"at":"2026-06-02T20:54:14.695Z","event":"manual_test","provider":"twilio","to":"5562999669966","status":"skipped","metadata":{"event":"manual_test","to":"5562999669966","message":"Envio de mensagem teste","userId":1,"verifyFinalStatus":true},"error":"WhatsApp desabilitado por configuração."}
{"at":"2026-06-02T20:54:14.818Z","event":"password_reset","provider":"twilio","to":"5562999999999","status":"skipped","metadata":{"event":"password_reset","userId":21,"email":"ana@example.com","link":"https://meu-sistema-nps.vercel.app/perfil"},"error":"WhatsApp desabilitado por configuração."}
{"at":"2026-06-02T20:54:14.924Z","event":"password_reset","provider":"twilio","to":"5562888888888","status":"skipped","metadata":{"event":"password_reset","userId":22,"email":"bruno@example.com","link":"https://meu-sistema-nps.vercel.app/perfil"},"error":"WhatsApp desabilitado por configuração."}
{"at":"2026-06-03T13:05:54.819Z","event":"user_welcome","provider":"twilio","to":"5562999999999","status":"skipped","metadata":{"event":"user_welcome","userId":77,"email":"maria@example.com"},"error":"WhatsApp desabilitado por configuração."}
{"at":"2026-06-03T13:05:58.178Z","event":"manual_send","provider":"twilio","to":"5562999669966","status":"skipped","metadata":{"event":"manual_send","to":"5562999669966","message":"Teste manual de WhatsApp","userId":1,"verifyFinalStatus":true},"providerMessageId":null,"error":"Configuracao Twilio ausente: TWILIO_ACCOUNT_SID, TWILIO_AUTH_TOKEN, TWILIO_TEMPLATE_GENERIC_SID.","response":null}
{"at":"2026-06-03T13:05:58.244Z","event":"manual_test","provider":"twilio","to":"5562999669966","status":"skipped","metadata":{"event":"manual_test","to":"5562999669966","message":"Envio de mensagem teste","userId":1,"verifyFinalStatus":true},"error":"WhatsApp desabilitado por configuração."}
{"at":"2026-06-03T13:05:58.620Z","event":"password_reset","provider":"twilio","to":"5562999999999","status":"skipped","metadata":{"event":"password_reset","userId":21,"email":"ana@example.com","link":"https://meu-sistema-nps.vercel.app/perfil"},"error":"WhatsApp desabilitado por configuração."}
{"at":"2026-06-03T13:05:59.002Z","event":"password_reset","provider":"twilio","to":"5562888888888","status":"skipped","metadata":{"event":"password_reset","userId":22,"email":"bruno@example.com","link":"https://meu-sistema-nps.vercel.app/perfil"},"error":"WhatsApp desabilitado por configuração."}
{"at":"2026-06-03T13:09:55.378Z","event":"user_welcome","provider":"twilio","to":"5562999999999","status":"skipped","metadata":{"event":"user_welcome","userId":77,"email":"maria@example.com"},"error":"WhatsApp desabilitado por configuração."}
{"at":"2026-06-03T13:09:57.657Z","event":"manual_send","provider":"twilio","to":"5562999669966","status":"skipped","metadata":{"event":"manual_send","to":"5562999669966","message":"Teste manual de WhatsApp","userId":1,"verifyFinalStatus":true},"providerMessageId":null,"error":"Configuracao Twilio ausente: TWILIO_ACCOUNT_SID, TWILIO_AUTH_TOKEN, TWILIO_TEMPLATE_GENERIC_SID.","response":null}
{"at":"2026-06-03T13:09:57.685Z","event":"manual_test","provider":"twilio","to":"5562999669966","status":"skipped","metadata":{"event":"manual_test","to":"5562999669966","message":"Envio de mensagem teste","userId":1,"verifyFinalStatus":true},"error":"WhatsApp desabilitado por configuração."}
{"at":"2026-06-03T13:09:57.920Z","event":"password_reset","provider":"twilio","to":"5562999999999","status":"skipped","metadata":{"event":"password_reset","userId":21,"email":"ana@example.com","link":"https://meu-sistema-nps.vercel.app/perfil"},"error":"WhatsApp desabilitado por configuração."}
{"at":"2026-06-03T13:09:58.163Z","event":"password_reset","provider":"twilio","to":"5562888888888","status":"skipped","metadata":{"event":"password_reset","userId":22,"email":"bruno@example.com","link":"https://meu-sistema-nps.vercel.app/perfil"},"error":"WhatsApp desabilitado por configuração."}
{"at":"2026-06-03T18:36:19.113Z","event":"user_welcome","provider":"twilio","to":"5562999999999","status":"skipped","metadata":{"event":"user_welcome","userId":77,"email":"maria@example.com"},"error":"WhatsApp desabilitado por configuração."}
{"at":"2026-06-03T18:36:19.625Z","event":"manual_send","provider":"twilio","to":"5562999669966","status":"skipped","metadata":{"event":"manual_send","to":"5562999669966","message":"Teste manual de WhatsApp","userId":1,"verifyFinalStatus":true},"providerMessageId":null,"error":"Configuracao Twilio ausente: TWILIO_ACCOUNT_SID, TWILIO_AUTH_TOKEN, TWILIO_TEMPLATE_GENERIC_SID.","response":null}
{"at":"2026-06-03T18:36:19.632Z","event":"manual_test","provider":"twilio","to":"5562999669966","status":"skipped","metadata":{"event":"manual_test","to":"5562999669966","message":"Envio de mensagem teste","userId":1,"verifyFinalStatus":true},"error":"WhatsApp desabilitado por configuração."}
{"at":"2026-06-03T18:36:19.695Z","event":"password_reset","provider":"twilio","to":"5562999999999","status":"skipped","metadata":{"event":"password_reset","userId":21,"email":"ana@example.com","link":"https://meu-sistema-nps.vercel.app/perfil"},"error":"WhatsApp desabilitado por configuração."}
{"at":"2026-06-03T18:36:19.751Z","event":"password_reset","provider":"twilio","to":"5562888888888","status":"skipped","metadata":{"event":"password_reset","userId":22,"email":"bruno@example.com","link":"https://meu-sistema-nps.vercel.app/perfil"},"error":"WhatsApp desabilitado por configuração."}
{"at":"2026-06-05T15:18:49.397Z","event":"manual_send","provider":"twilio","to":"5562999669966","status":"skipped","metadata":{"event":"manual_send","to":"5562999669966","message":"Teste manual de WhatsApp","userId":1,"verifyFinalStatus":true},"providerMessageId":null,"error":"Configuracao Twilio ausente: TWILIO_ACCOUNT_SID, TWILIO_AUTH_TOKEN, TWILIO_TEMPLATE_GENERIC_SID.","response":null}
{"at":"2026-06-05T15:18:49.456Z","event":"manual_test","provider":"twilio","to":"5562999669966","status":"skipped","metadata":{"event":"manual_test","to":"5562999669966","message":"Envio de mensagem teste","userId":1,"verifyFinalStatus":true},"error":"WhatsApp desabilitado por configuração."}
{"at":"2026-06-05T15:18:49.880Z","event":"password_reset","provider":"twilio","to":"5562999999999","status":"skipped","metadata":{"event":"password_reset","userId":21,"email":"ana@example.com","link":"https://meu-sistema-nps.vercel.app/perfil"},"error":"WhatsApp desabilitado por configuração."}
{"at":"2026-06-05T15:18:50.223Z","event":"password_reset","provider":"twilio","to":"5562888888888","status":"skipped","metadata":{"event":"password_reset","userId":22,"email":"bruno@example.com","link":"https://meu-sistema-nps.vercel.app/perfil"},"error":"WhatsApp desabilitado por configuração."}
{"at":"2026-06-05T15:20:14.545Z","event":"user_welcome","provider":"twilio","to":"5562999999999","status":"skipped","metadata":{"event":"user_welcome","userId":77,"email":"maria@example.com"},"error":"WhatsApp desabilitado por configuração."}
{"at":"2026-06-05T15:20:17.264Z","event":"manual_send","provider":"twilio","to":"5562999669966","status":"skipped","metadata":{"event":"manual_send","to":"5562999669966","message":"Teste manual de WhatsApp","userId":1,"verifyFinalStatus":true},"providerMessageId":null,"error":"Configuracao Twilio ausente: TWILIO_ACCOUNT_SID, TWILIO_AUTH_TOKEN, TWILIO_TEMPLATE_GENERIC_SID.","response":null}
{"at":"2026-06-05T15:20:17.299Z","event":"manual_test","provider":"twilio","to":"5562999669966","status":"skipped","metadata":{"event":"manual_test","to":"5562999669966","message":"Envio de mensagem teste","userId":1,"verifyFinalStatus":true},"error":"WhatsApp desabilitado por configuração."}
{"at":"2026-06-05T15:20:17.725Z","event":"password_reset","provider":"twilio","to":"5562999999999","status":"skipped","metadata":{"event":"password_reset","userId":21,"email":"ana@example.com","link":"https://meu-sistema-nps.vercel.app/perfil"},"error":"WhatsApp desabilitado por configuração."}
{"at":"2026-06-05T15:20:18.016Z","event":"password_reset","provider":"twilio","to":"5562888888888","status":"skipped","metadata":{"event":"password_reset","userId":22,"email":"bruno@example.com","link":"https://meu-sistema-nps.vercel.app/perfil"},"error":"WhatsApp desabilitado por configuração."}
{"at":"2026-06-05T15:45:17.296Z","event":"user_welcome","provider":"twilio","to":"5562999999999","status":"skipped","metadata":{"event":"user_welcome","userId":77,"email":"maria@example.com"},"error":"WhatsApp desabilitado por configuração."}
{"at":"2026-06-05T15:45:19.776Z","event":"manual_send","provider":"twilio","to":"5562999669966","status":"skipped","metadata":{"event":"manual_send","to":"5562999669966","message":"Teste manual de WhatsApp","userId":1,"verifyFinalStatus":true},"providerMessageId":null,"error":"Configuracao Twilio ausente: TWILIO_ACCOUNT_SID, TWILIO_AUTH_TOKEN, TWILIO_TEMPLATE_GENERIC_SID.","response":null}
{"at":"2026-06-05T15:45:19.830Z","event":"manual_test","provider":"twilio","to":"5562999669966","status":"skipped","metadata":{"event":"manual_test","to":"5562999669966","message":"Envio de mensagem teste","userId":1,"verifyFinalStatus":true},"error":"WhatsApp desabilitado por configuração."}
{"at":"2026-06-05T15:45:20.231Z","event":"password_reset","provider":"twilio","to":"5562999999999","status":"skipped","metadata":{"event":"password_reset","userId":21,"email":"ana@example.com","link":"https://meu-sistema-nps.vercel.app/perfil"},"error":"WhatsApp desabilitado por configuração."}
{"at":"2026-06-05T15:45:20.499Z","event":"password_reset","provider":"twilio","to":"5562888888888","status":"skipped","metadata":{"event":"password_reset","userId":22,"email":"bruno@example.com","link":"https://meu-sistema-nps.vercel.app/perfil"},"error":"WhatsApp desabilitado por configuração."}
{"at":"2026-06-05T15:53:58.636Z","event":"user_welcome","provider":"twilio","to":"5562999999999","status":"skipped","metadata":{"event":"user_welcome","userId":77,"email":"maria@example.com"},"error":"WhatsApp desabilitado por configuração."}
{"at":"2026-06-05T15:54:01.040Z","event":"manual_send","provider":"twilio","to":"5562999669966","status":"skipped","metadata":{"event":"manual_send","to":"5562999669966","message":"Teste manual de WhatsApp","userId":1,"verifyFinalStatus":true},"providerMessageId":null,"error":"Configuracao Twilio ausente: TWILIO_ACCOUNT_SID, TWILIO_AUTH_TOKEN, TWILIO_TEMPLATE_GENERIC_SID.","response":null}
{"at":"2026-06-05T15:54:01.102Z","event":"manual_test","provider":"twilio","to":"5562999669966","status":"skipped","metadata":{"event":"manual_test","to":"5562999669966","message":"Envio de mensagem teste","userId":1,"verifyFinalStatus":true},"error":"WhatsApp desabilitado por configuração."}
{"at":"2026-06-05T15:54:01.364Z","event":"password_reset","provider":"twilio","to":"5562999999999","status":"skipped","metadata":{"event":"password_reset","userId":21,"email":"ana@example.com","link":"https://meu-sistema-nps.vercel.app/perfil"},"error":"WhatsApp desabilitado por configuração."}
{"at":"2026-06-05T15:54:01.631Z","event":"password_reset","provider":"twilio","to":"5562888888888","status":"skipped","metadata":{"event":"password_reset","userId":22,"email":"bruno@example.com","link":"https://meu-sistema-nps.vercel.app/perfil"},"error":"WhatsApp desabilitado por configuração."}
{"at":"2026-06-05T17:50:40.425Z","event":"user_welcome","provider":"twilio","to":"5562999999999","status":"skipped","metadata":{"event":"user_welcome","userId":77,"email":"maria@example.com"},"error":"WhatsApp desabilitado por configuração."}
{"at":"2026-06-05T17:50:42.001Z","event":"manual_send","provider":"twilio","to":"5562999669966","status":"skipped","metadata":{"event":"manual_send","to":"5562999669966","message":"Teste manual de WhatsApp","userId":1,"verifyFinalStatus":true},"providerMessageId":null,"error":"Configuracao Twilio ausente: TWILIO_ACCOUNT_SID, TWILIO_AUTH_TOKEN, TWILIO_TEMPLATE_GENERIC_SID.","response":null}
{"at":"2026-06-05T17:50:42.021Z","event":"manual_test","provider":"twilio","to":"5562999669966","status":"skipped","metadata":{"event":"manual_test","to":"5562999669966","message":"Envio de mensagem teste","userId":1,"verifyFinalStatus":true},"error":"WhatsApp desabilitado por configuração."}
{"at":"2026-06-05T17:50:42.246Z","event":"password_reset","provider":"twilio","to":"5562999999999","status":"skipped","metadata":{"event":"password_reset","userId":21,"email":"ana@example.com","link":"https://meu-sistema-nps.vercel.app/perfil"},"error":"WhatsApp desabilitado por configuração."}
{"at":"2026-06-05T17:50:42.438Z","event":"password_reset","provider":"twilio","to":"5562888888888","status":"skipped","metadata":{"event":"password_reset","userId":22,"email":"bruno@example.com","link":"https://meu-sistema-nps.vercel.app/perfil"},"error":"WhatsApp desabilitado por configuração."}
